src,dst,label,edge,prob,predict_label
2373,2397,1,"(2373, 2397)",0.2512257,0
1090,2017,1,"(1090, 2017)",0.35691726,0
2586,2604,1,"(2586, 2604)",0.009699646,0
3467,3503,1,"(3467, 3503)",0.007881071,0
1506,1334,1,"(1506, 1334)",0.7157766,1
521,832,1,"(521, 832)",0.21334332,0
2908,2657,1,"(2908, 2657)",0.97060084,1
2672,2674,1,"(2672, 2674)",0.7104942,1
2629,2986,1,"(2629, 2986)",0.0065802387,0
1953,2187,1,"(1953, 2187)",0.9712912,1
232,124,1,"(232, 124)",0.033122104,0
496,495,1,"(496, 495)",0.5976709,1
940,1051,1,"(940, 1051)",0.12078671,0
2567,2941,1,"(2567, 2941)",0.13415189,0
1702,2167,1,"(1702, 2167)",0.10469537,0
2465,2716,1,"(2465, 2716)",0.7164307,1
129,207,1,"(129, 207)",0.03296945,0
3785,3787,1,"(3785, 3787)",0.0334518,0
1201,1309,1,"(1201, 1309)",0.9879986,1
941,1014,1,"(941, 1014)",0.32621184,0
3426,3733,1,"(3426, 3733)",0.92128414,1
2662,2668,1,"(2662, 2668)",0.88480765,1
1025,1026,1,"(1025, 1026)",0.13665706,0
1708,1795,1,"(1708, 1795)",0.10467144,0
4515,4585,1,"(4515, 4585)",0.9285862,1
18,190,1,"(18, 190)",0.014174252,0
2796,3152,1,"(2796, 3152)",0.06704592,0
4029,4014,1,"(4029, 4014)",0.9906385,1
3752,3804,1,"(3752, 3804)",0.9621511,1
3351,3689,1,"(3351, 3689)",0.101221785,0
1424,1924,1,"(1424, 1924)",0.0037527564,0
1613,1847,1,"(1613, 1847)",0.17573768,0
4876,4883,1,"(4876, 4883)",0.35947976,0
4888,4900,1,"(4888, 4900)",0.11551658,0
124,173,1,"(124, 173)",0.404945,0
1114,1932,1,"(1114, 1932)",0.012836934,0
3954,4064,1,"(3954, 4064)",0.99852705,1
3351,3561,1,"(3351, 3561)",0.06588422,0
1450,1361,1,"(1450, 1361)",0.013199808,0
3838,3839,1,"(3838, 3839)",0.0094606485,0
279,295,1,"(279, 295)",0.998085,1
2282,2284,1,"(2282, 2284)",0.9006571,1
252,251,1,"(252, 251)",0.9486466,1
4513,4598,1,"(4513, 4598)",0.3366212,0
1418,1455,1,"(1418, 1455)",0.99757,1
2089,2054,1,"(2089, 2054)",0.80841124,1
1285,2141,1,"(1285, 2141)",0.7660149,1
1195,1521,1,"(1195, 1521)",0.17499173,0
4878,4881,1,"(4878, 4881)",0.036713276,0
1447,2195,1,"(1447, 2195)",0.10161713,0
4494,4702,1,"(4494, 4702)",0.0032155947,0
1583,1918,1,"(1583, 1918)",0.38823804,0
3796,3887,1,"(3796, 3887)",0.9938963,1
2639,2469,1,"(2639, 2469)",0.9616954,1
855,860,1,"(855, 860)",0.92887026,1
1422,1406,1,"(1422, 1406)",0.874815,1
536,557,1,"(536, 557)",0.81132054,1
4397,4382,1,"(4397, 4382)",0.24218807,0
3133,3270,1,"(3133, 3270)",0.99990535,1
2670,3221,1,"(2670, 3221)",0.9980514,1
78,109,1,"(78, 109)",0.11028064,0
3784,3783,1,"(3784, 3783)",0.05353467,0
3884,3885,1,"(3884, 3885)",0.0050062803,0
4090,4160,1,"(4090, 4160)",0.88501656,1
4878,4914,1,"(4878, 4914)",0.99828184,1
780,789,1,"(780, 789)",0.9145822,1
171,95,1,"(171, 95)",0.029204939,0
2944,3131,1,"(2944, 3131)",0.9995974,1
137,223,1,"(137, 223)",0.96279573,1
1300,1286,1,"(1300, 1286)",0.008136926,0
2703,2745,1,"(2703, 2745)",0.412764,0
1728,1571,1,"(1728, 1571)",0.060440768,0
902,928,1,"(902, 928)",0.99317425,1
1253,1252,1,"(1253, 1252)",0.002542852,0
2186,2066,1,"(2186, 2066)",0.1569949,0
1800,1674,1,"(1800, 1674)",0.012936885,0
383,429,1,"(383, 429)",0.6545282,1
4613,4512,1,"(4613, 4512)",0.0047413167,0
1306,1294,1,"(1306, 1294)",0.034342114,0
3128,3129,1,"(3128, 3129)",0.99431145,1
3781,3780,1,"(3781, 3780)",0.014341034,0
2499,2538,1,"(2499, 2538)",0.98248464,1
869,899,1,"(869, 899)",0.83099174,1
725,634,1,"(725, 634)",0.8645693,1
2458,2617,1,"(2458, 2617)",0.9722502,1
120,51,1,"(120, 51)",0.14760068,0
1352,1435,1,"(1352, 1435)",0.1855845,0
3779,3893,1,"(3779, 3893)",0.97301537,1
740,750,1,"(740, 750)",0.7697587,1
438,473,1,"(438, 473)",0.14772289,0
47,171,1,"(47, 171)",0.059321254,0
2662,2959,1,"(2662, 2959)",0.627966,1
3468,3613,1,"(3468, 3613)",0.9994978,1
3118,3119,1,"(3118, 3119)",0.9996675,1
2543,2832,1,"(2543, 2832)",0.0029469107,0
3365,3716,1,"(3365, 3716)",0.03995167,0
1530,1536,1,"(1530, 1536)",0.99840623,1
2359,2314,1,"(2359, 2314)",0.012547071,0
1869,2106,1,"(1869, 2106)",0.15640351,0
539,542,1,"(539, 542)",0.0906912,0
720,677,1,"(720, 677)",0.9891338,1
3038,3276,1,"(3038, 3276)",0.99872833,1
4861,4867,1,"(4861, 4867)",0.9475749,1
1074,1159,1,"(1074, 1159)",0.8452101,1
1116,1453,1,"(1116, 1453)",0.021341693,0
4883,4848,1,"(4883, 4848)",0.03047051,0
3783,3836,1,"(3783, 3836)",0.34624597,0
4436,4439,1,"(4436, 4439)",0.9507021,1
24,4461,1,"(24, 4461)",0.00016894568,0
2692,3145,1,"(2692, 3145)",0.9970716,1
2787,2977,1,"(2787, 2977)",0.7616762,1
749,805,1,"(749, 805)",0.89020944,1
1827,2046,1,"(1827, 2046)",0.9693601,1
3005,3221,1,"(3005, 3221)",0.997601,1
667,726,1,"(667, 726)",0.7743893,1
1272,1274,1,"(1272, 1274)",0.11375429,0
2500,3113,1,"(2500, 3113)",0.9982413,1
1161,1260,1,"(1161, 1260)",0.9991277,1
3604,3611,1,"(3604, 3611)",0.3149136,0
4620,4522,1,"(4620, 4522)",0.010456976,0
969,995,1,"(969, 995)",0.14184645,0
2596,2584,1,"(2596, 2584)",0.79429656,1
2562,4448,1,"(2562, 4448)",0.9515026,1
1961,2029,1,"(1961, 2029)",0.00036583125,0
3307,3420,1,"(3307, 3420)",0.05521575,0
4893,4892,1,"(4893, 4892)",0.81202745,1
1820,1661,1,"(1820, 1661)",0.8494938,1
1490,1366,1,"(1490, 1366)",0.046648398,0
1223,1524,1,"(1223, 1524)",0.6306042,1
587,669,1,"(587, 669)",0.9787395,1
1424,1326,1,"(1424, 1326)",0.017169988,0
548,552,1,"(548, 552)",0.99837995,1
1170,1309,1,"(1170, 1309)",0.94929904,1
1091,1086,1,"(1091, 1086)",0.42810097,0
3010,3238,1,"(3010, 3238)",0.99769384,1
2382,2341,1,"(2382, 2341)",0.9960128,1
1348,1426,1,"(1348, 1426)",0.99687696,1
3325,3572,1,"(3325, 3572)",0.62581164,1
1178,1177,1,"(1178, 1177)",0.031388853,0
970,996,1,"(970, 996)",0.88179076,1
4771,4685,1,"(4771, 4685)",0.019203322,0
1807,2163,1,"(1807, 2163)",0.007596636,0
1230,800,1,"(1230, 800)",0.12299919,0
4728,4709,1,"(4728, 4709)",0.9984017,1
2357,2337,1,"(2357, 2337)",0.017407617,0
2282,2304,1,"(2282, 2304)",0.17277072,0
2134,2090,1,"(2134, 2090)",0.993722,1
2459,2599,1,"(2459, 2599)",0.7903134,1
1050,956,1,"(1050, 956)",0.034680445,0
2545,2637,1,"(2545, 2637)",0.23422623,0
1410,2113,1,"(1410, 2113)",0.00278603,0
3779,3816,1,"(3779, 3816)",0.016271453,0
13,83,1,"(13, 83)",0.0071761175,0
2716,3279,1,"(2716, 3279)",0.6138654,1
2249,2412,1,"(2249, 2412)",0.43348932,0
1715,2111,1,"(1715, 2111)",0.0040284065,0
943,1028,1,"(943, 1028)",0.9968329,1
3677,3319,1,"(3677, 3319)",0.41824177,0
3943,3768,1,"(3943, 3768)",0.30939683,0
2852,2851,1,"(2852, 2851)",0.9995289,1
3779,3851,1,"(3779, 3851)",0.1998306,0
4446,84,1,"(4446, 84)",0.00092767656,0
3582,3612,1,"(3582, 3612)",0.29840463,0
172,52,1,"(172, 52)",0.9943456,1
2619,2976,1,"(2619, 2976)",0.89290607,1
4343,4399,1,"(4343, 4399)",0.9920357,1
4834,4923,1,"(4834, 4923)",0.016145963,0
3982,4067,1,"(3982, 4067)",0.09597878,0
198,201,1,"(198, 201)",0.0400064,0
342,355,1,"(342, 355)",0.9998148,1
855,856,1,"(855, 856)",0.19936153,0
1458,1319,1,"(1458, 1319)",0.12851396,0
4009,4018,1,"(4009, 4018)",0.9998215,1
2454,2697,1,"(2454, 2697)",0.015967526,0
4106,4147,1,"(4106, 4147)",0.0042707543,0
4374,4392,1,"(4374, 4392)",0.99807274,1
2530,2579,1,"(2530, 2579)",0.99632925,1
1005,1006,1,"(1005, 1006)",0.4370835,0
1192,1330,1,"(1192, 1330)",0.50245845,1
4063,4060,1,"(4063, 4060)",0.77330995,1
2560,2882,1,"(2560, 2882)",0.009967554,0
2852,3130,1,"(2852, 3130)",0.99935895,1
2321,2319,1,"(2321, 2319)",0.04645317,0
3284,3129,1,"(3284, 3129)",0.9953885,1
4327,4375,1,"(4327, 4375)",0.9943351,1
4344,4352,1,"(4344, 4352)",0.99667907,1
4837,4836,1,"(4837, 4836)",0.20264457,0
4700,4658,1,"(4700, 4658)",0.99697125,1
2914,3156,1,"(2914, 3156)",0.99766797,1
4056,4007,1,"(4056, 4007)",0.23012933,0
3898,3897,1,"(3898, 3897)",0.018852748,0
1018,1019,1,"(1018, 1019)",0.99837565,1
4849,4836,1,"(4849, 4836)",0.99914145,1
4547,4497,1,"(4547, 4497)",0.997071,1
3822,3823,1,"(3822, 3823)",0.29241884,0
2955,2956,1,"(2955, 2956)",0.98985136,1
760,814,1,"(760, 814)",0.9753491,1
2332,2373,1,"(2332, 2373)",0.9971629,1
406,405,1,"(406, 405)",0.9883532,1
4473,4617,1,"(4473, 4617)",0.016038815,0
21,176,1,"(21, 176)",0.07419442,0
3683,3685,1,"(3683, 3685)",0.9632678,1
4332,4400,1,"(4332, 4400)",0.6019709,1
184,200,1,"(184, 200)",0.001022113,0
2435,2638,1,"(2435, 2638)",0.0341863,0
2943,2980,1,"(2943, 2980)",0.9550153,1
4676,4672,1,"(4676, 4672)",0.60750407,1
875,876,1,"(875, 876)",0.9908602,1
354,353,1,"(354, 353)",0.88346314,1
1954,1614,1,"(1954, 1614)",0.997264,1
4381,4402,1,"(4381, 4402)",0.9928933,1
2959,3161,1,"(2959, 3161)",0.9927482,1
1012,1044,1,"(1012, 1044)",0.9985715,1
1207,1206,1,"(1207, 1206)",0.01058598,0
1492,1565,1,"(1492, 1565)",0.11981082,0
305,313,1,"(305, 313)",0.9896185,1
1352,2189,1,"(1352, 2189)",0.03789342,0
2302,2354,1,"(2302, 2354)",0.3017465,0
1541,1507,1,"(1541, 1507)",0.8220746,1
3411,3293,1,"(3411, 3293)",0.009389893,0
2671,3143,1,"(2671, 3143)",0.9973425,1
1102,1422,1,"(1102, 1422)",0.045455247,0
756,787,1,"(756, 787)",0.93650365,1
2288,2316,1,"(2288, 2316)",0.03281661,0
4062,4061,1,"(4062, 4061)",0.9655536,1
1506,1507,1,"(1506, 1507)",0.004175396,0
77,191,1,"(77, 191)",0.006089635,0
3998,4050,1,"(3998, 4050)",0.0001709942,0
1063,1625,1,"(1063, 1625)",0.01740366,0
2281,2336,1,"(2281, 2336)",0.95014995,1
1441,1794,1,"(1441, 1794)",0.871242,1
297,340,1,"(297, 340)",0.9998056,1
4841,4887,1,"(4841, 4887)",0.058802992,0
3982,4035,1,"(3982, 4035)",0.18135522,0
1442,1537,1,"(1442, 1537)",0.6792571,1
1148,1452,1,"(1148, 1452)",0.13492313,0
2594,2909,1,"(2594, 2909)",0.004270626,0
139,138,1,"(139, 138)",0.9214015,1
4872,4917,1,"(4872, 4917)",0.04557922,0
1474,2042,1,"(1474, 2042)",0.16270342,0
2019,1707,1,"(2019, 1707)",0.67492944,1
4371,4372,1,"(4371, 4372)",0.9048977,1
1105,1145,1,"(1105, 1145)",0.9641752,1
1556,1104,1,"(1556, 1104)",0.12686184,0
506,565,1,"(506, 565)",0.9953242,1
1499,1995,1,"(1499, 1995)",0.09648981,0
2325,2406,1,"(2325, 2406)",0.9916583,1
3872,3911,1,"(3872, 3911)",0.017174156,0
3956,3963,1,"(3956, 3963)",0.30297622,0
4469,4626,1,"(4469, 4626)",0.21399137,0
2219,2397,1,"(2219, 2397)",0.3204438,0
3310,3333,1,"(3310, 3333)",0.9457416,1
1021,1004,1,"(1021, 1004)",0.10243541,0
3958,4016,1,"(3958, 4016)",0.017953217,0
2880,3197,1,"(2880, 3197)",0.9907733,1
2538,2539,1,"(2538, 2539)",0.27041867,0
3647,3343,1,"(3647, 3343)",0.16751455,0
2810,2706,1,"(2810, 2706)",0.26443925,0
337,253,1,"(337, 253)",0.5803953,1
4034,4003,1,"(4034, 4003)",0.39354694,0
2235,2298,1,"(2235, 2298)",0.59295976,1
408,437,1,"(408, 437)",0.19243774,0
92,123,1,"(92, 123)",0.01456541,0
2792,2916,1,"(2792, 2916)",0.7461414,1
168,229,1,"(168, 229)",0.95936996,1
3483,3739,1,"(3483, 3739)",0.003397287,0
2450,2719,1,"(2450, 2719)",0.9994997,1
141,140,1,"(141, 140)",0.050070137,0
1713,2194,1,"(1713, 2194)",0.70195806,1
2450,3043,1,"(2450, 3043)",0.8625632,1
1060,2002,1,"(1060, 2002)",0.0783377,0
1434,1930,1,"(1434, 1930)",0.8324269,1
534,550,1,"(534, 550)",0.99942565,1
3875,3878,1,"(3875, 3878)",0.30457455,0
95,129,1,"(95, 129)",0.013071954,0
4023,3960,1,"(4023, 3960)",0.928769,1
241,242,1,"(241, 242)",0.011924367,0
2883,2986,1,"(2883, 2986)",0.9728913,1
2393,2394,1,"(2393, 2394)",0.42884046,0
2851,2914,1,"(2851, 2914)",0.99878854,1
639,681,1,"(639, 681)",0.9394812,1
249,305,1,"(249, 305)",0.9865666,1
4187,4218,1,"(4187, 4218)",0.014578585,0
184,80,1,"(184, 80)",0.48357993,0
3345,4888,1,"(3345, 4888)",0.14092906,0
2515,3036,1,"(2515, 3036)",0.6350547,1
2328,2327,1,"(2328, 2327)",0.9817136,1
1349,1198,1,"(1349, 1198)",0.017714912,0
1673,1897,1,"(1673, 1897)",0.7448179,1
2425,2459,1,"(2425, 2459)",0.83452743,1
3663,3456,1,"(3663, 3456)",0.11286178,0
4582,4581,1,"(4582, 4581)",0.0030125568,0
3916,3917,1,"(3916, 3917)",0.7007588,1
604,691,1,"(604, 691)",0.9675216,1
3863,3851,1,"(3863, 3851)",0.04051804,0
2553,2845,1,"(2553, 2845)",0.9438015,1
676,675,1,"(676, 675)",0.91041654,1
4655,4479,1,"(4655, 4479)",0.0034284338,0
1332,1345,1,"(1332, 1345)",0.9909424,1
2697,3270,1,"(2697, 3270)",0.9998816,1
205,98,1,"(205, 98)",0.022493992,0
2156,1844,1,"(2156, 1844)",0.06525025,0
3310,3484,1,"(3310, 3484)",0.033973005,0
1439,1526,1,"(1439, 1526)",0.37388992,0
3497,3626,1,"(3497, 3626)",0.06794007,0
413,468,1,"(413, 468)",0.9425076,1
1739,1785,1,"(1739, 1785)",0.18618475,0
1119,1118,1,"(1119, 1118)",0.2466141,0
3564,3512,1,"(3564, 3512)",0.07975079,0
4677,4678,1,"(4677, 4678)",0.5923136,1
313,279,1,"(313, 279)",0.9993278,1
322,319,1,"(322, 319)",0.8726673,1
4862,4863,1,"(4862, 4863)",0.1843111,0
1760,1611,1,"(1760, 1611)",0.4305762,0
1161,1501,1,"(1161, 1501)",0.067576595,0
1131,2557,1,"(1131, 2557)",0.0010056262,0
2454,2560,1,"(2454, 2560)",0.007176196,0
3895,3900,1,"(3895, 3900)",0.99392503,1
3891,3902,1,"(3891, 3902)",0.04172251,0
3771,3783,1,"(3771, 3783)",0.92786103,1
2978,2971,1,"(2978, 2971)",0.99750334,1
3808,3875,1,"(3808, 3875)",0.36811566,0
174,32,1,"(174, 32)",0.6585468,1
1050,1023,1,"(1050, 1023)",0.9940116,1
4317,4174,1,"(4317, 4174)",0.29769662,0
758,812,1,"(758, 812)",0.03110941,0
2740,2739,1,"(2740, 2739)",0.82953,1
2200,2201,1,"(2200, 2201)",0.40050593,0
2031,1815,1,"(2031, 1815)",0.0062881443,0
1555,1841,1,"(1555, 1841)",0.41077644,0
3105,2724,1,"(3105, 2724)",0.77052486,1
4542,4675,1,"(4542, 4675)",0.999458,1
4832,4889,1,"(4832, 4889)",0.06962928,0
1804,1640,1,"(1804, 1640)",0.99623257,1
1449,1427,1,"(1449, 1427)",0.25032657,0
1268,1776,1,"(1268, 1776)",0.8200846,1
299,258,1,"(299, 258)",0.194967,0
4573,4574,1,"(4573, 4574)",0.13900392,0
2046,2047,1,"(2046, 2047)",0.9911907,1
2263,2357,1,"(2263, 2357)",0.015908541,0
1712,1904,1,"(1712, 1904)",0.94397783,1
804,794,1,"(804, 794)",0.09527638,0
4384,4408,1,"(4384, 4408)",0.9966589,1
3527,3438,1,"(3527, 3438)",0.2588385,0
836,835,1,"(836, 835)",0.22516344,0
4714,4710,1,"(4714, 4710)",0.36522648,0
1104,1753,1,"(1104, 1753)",0.1796733,0
4332,4413,1,"(4332, 4413)",0.98378986,1
2080,1927,1,"(2080, 1927)",0.9967411,1
413,464,1,"(413, 464)",0.9377613,1
3795,3794,1,"(3795, 3794)",0.06659634,0
1900,1901,1,"(1900, 1901)",0.12831503,0
1455,1457,1,"(1455, 1457)",0.0059705446,0
511,538,1,"(511, 538)",0.9991259,1
2880,3095,1,"(2880, 3095)",0.4862795,0
4847,4878,1,"(4847, 4878)",0.051755108,0
4341,4374,1,"(4341, 4374)",0.99394155,1
1030,105,1,"(1030, 105)",0.014435284,0
1506,1818,1,"(1506, 1818)",0.0035044209,0
3985,3984,1,"(3985, 3984)",0.186412,0
246,378,1,"(246, 378)",0.9896471,1
776,4928,1,"(776, 4928)",0.8419369,1
3307,3469,1,"(3307, 3469)",0.12292226,0
3333,3312,1,"(3333, 3312)",0.083412275,0
2976,2903,1,"(2976, 2903)",0.9986866,1
2267,2381,1,"(2267, 2381)",0.99632865,1
1335,1356,1,"(1335, 1356)",0.9994356,1
2837,3131,1,"(2837, 3131)",0.9979943,1
1323,1133,1,"(1323, 1133)",0.47964928,0
2595,3157,1,"(2595, 3157)",0.98961216,1
3341,4875,1,"(3341, 4875)",0.664187,1
251,367,1,"(251, 367)",0.9988825,1
2278,2320,1,"(2278, 2320)",0.24661224,0
948,949,1,"(948, 949)",0.472894,0
4488,4529,1,"(4488, 4529)",0.12337971,0
1795,1724,1,"(1795, 1724)",0.99958295,1
804,795,1,"(804, 795)",0.7330772,1
2717,2465,1,"(2717, 2465)",0.16716008,0
207,206,1,"(207, 206)",0.0015317781,0
1213,1346,1,"(1213, 1346)",0.09578281,0
1709,1870,1,"(1709, 1870)",0.075617164,0
4905,4903,1,"(4905, 4903)",0.26302212,0
3400,3401,1,"(3400, 3401)",0.03181466,0
2756,2857,1,"(2756, 2857)",0.40607783,0
2703,2696,1,"(2703, 2696)",0.9838621,1
3431,3695,1,"(3431, 3695)",0.17581004,0
763,814,1,"(763, 814)",0.31170017,0
2820,2865,1,"(2820, 2865)",0.99445504,1
2238,2396,1,"(2238, 2396)",0.26633325,0
2455,2838,1,"(2455, 2838)",0.99153155,1
4173,4149,1,"(4173, 4149)",0.07607438,0
1725,2080,1,"(1725, 2080)",0.7536673,1
1230,1402,1,"(1230, 1402)",0.8548791,1
1341,1448,1,"(1341, 1448)",0.2478319,0
2606,2612,1,"(2606, 2612)",0.39095533,0
949,951,1,"(949, 951)",0.9889753,1
4386,4337,1,"(4386, 4337)",0.40941536,0
2490,3017,1,"(2490, 3017)",0.44421247,0
3960,3962,1,"(3960, 3962)",0.00254469,0
3784,3785,1,"(3784, 3785)",0.055366702,0
429,446,1,"(429, 446)",0.096152216,0
1604,1823,1,"(1604, 1823)",0.017535128,0
837,853,1,"(837, 853)",0.17871149,0
1525,1524,1,"(1525, 1524)",0.029324226,0
4395,4372,1,"(4395, 4372)",0.99552286,1
1670,1669,1,"(1670, 1669)",0.14441983,0
2393,2392,1,"(2393, 2392)",0.5558529,1
2879,3111,1,"(2879, 3111)",0.99961483,1
1278,1279,1,"(1278, 1279)",0.91187096,1
1599,1589,1,"(1599, 1589)",0.9894484,1
997,1057,1,"(997, 1057)",0.9973164,1
1235,1723,1,"(1235, 1723)",0.36840713,0
2810,2864,1,"(2810, 2864)",0.6286662,1
3957,3965,1,"(3957, 3965)",0.93417805,1
2083,2094,1,"(2083, 2094)",0.72605634,1
1119,4437,1,"(1119, 4437)",0.09304275,0
2471,2966,1,"(2471, 2966)",0.95007527,1
2493,3014,1,"(2493, 3014)",0.91860366,1
1474,1284,1,"(1474, 1284)",0.17899318,0
3329,3498,1,"(3329, 3498)",0.14670096,0
4052,4070,1,"(4052, 4070)",0.998698,1
3312,3336,1,"(3312, 3336)",0.02514341,0
3353,3655,1,"(3353, 3655)",0.029091626,0
1378,2104,1,"(1378, 2104)",0.777307,1
4345,4395,1,"(4345, 4395)",0.99122226,1
3309,3645,1,"(3309, 3645)",0.04365791,0
4407,4357,1,"(4407, 4357)",0.993349,1
88,178,1,"(88, 178)",0.9873935,1
1731,1694,1,"(1731, 1694)",0.053772103,0
3315,3656,1,"(3315, 3656)",0.27154508,0
2098,1600,1,"(2098, 1600)",0.57298845,1
2617,2973,1,"(2617, 2973)",0.016594702,0
2097,2065,1,"(2097, 2065)",0.58057153,1
2883,2760,1,"(2883, 2760)",0.98836446,1
1348,1449,1,"(1348, 1449)",0.27969015,0
2382,2395,1,"(2382, 2395)",0.15317108,0
3581,3654,1,"(3581, 3654)",0.014199039,0
246,298,1,"(246, 298)",0.75093824,1
454,455,1,"(454, 455)",0.99830496,1
2595,3179,1,"(2595, 3179)",0.9881577,1
1452,1541,1,"(1452, 1541)",0.040745907,0
3979,3959,1,"(3979, 3959)",0.068958335,0
3888,3909,1,"(3888, 3909)",0.998613,1
1102,1226,1,"(1102, 1226)",0.16973269,0
3342,3341,1,"(3342, 3341)",0.895014,1
3838,3844,1,"(3838, 3844)",0.98389626,1
3793,3904,1,"(3793, 3904)",0.5543093,1
490,2543,1,"(490, 2543)",0.57531863,1
2542,3207,1,"(2542, 3207)",0.9981772,1
123,30,1,"(123, 30)",0.95893925,1
3895,3927,1,"(3895, 3927)",0.9955754,1
1417,1921,1,"(1417, 1921)",0.006664693,0
4164,4163,1,"(4164, 4163)",0.57655364,1
1309,1814,1,"(1309, 1814)",0.060053796,0
1170,1484,1,"(1170, 1484)",0.9365889,1
313,302,1,"(313, 302)",0.9994004,1
2629,2987,1,"(2629, 2987)",0.006133617,0
1090,1630,1,"(1090, 1630)",0.0012716826,0
1048,976,1,"(1048, 976)",0.9610096,1
187,230,1,"(187, 230)",0.24086009,0
3962,4004,1,"(3962, 4004)",0.99723023,1
3812,3843,1,"(3812, 3843)",0.27715442,0
4574,4656,1,"(4574, 4656)",0.23147084,0
1276,1352,1,"(1276, 1352)",0.99989283,1
3779,3855,1,"(3779, 3855)",0.9131867,1
1174,1184,1,"(1174, 1184)",0.014135061,0
1428,2069,1,"(1428, 2069)",0.6567368,1
2128,1873,1,"(2128, 1873)",0.20601934,0
943,1005,1,"(943, 1005)",0.56553,1
2645,2648,1,"(2645, 2648)",0.71873415,1
1024,974,1,"(1024, 974)",0.9975568,1
2439,2991,1,"(2439, 2991)",0.013974036,0
3757,3931,1,"(3757, 3931)",0.9969887,1
4485,4480,1,"(4485, 4480)",0.006883914,0
2604,2504,1,"(2604, 2504)",0.97841495,1
1890,1668,1,"(1890, 1668)",0.80502045,1
3863,3834,1,"(3863, 3834)",0.14548184,0
4361,4373,1,"(4361, 4373)",0.99924785,1
3197,3230,1,"(3197, 3230)",0.9980736,1
4357,4417,1,"(4357, 4417)",0.97623444,1
4034,4057,1,"(4034, 4057)",0.4802872,0
1502,1380,1,"(1502, 1380)",0.7128259,1
3317,3421,1,"(3317, 3421)",0.058817115,0
1170,1531,1,"(1170, 1531)",0.8850328,1
4345,4419,1,"(4345, 4419)",0.9956448,1
98,125,1,"(98, 125)",0.012921379,0
3783,3868,1,"(3783, 3868)",0.0029428825,0
4120,522,1,"(4120, 522)",0.6724041,1
2648,2649,1,"(2648, 2649)",0.028178852,0
1283,1377,1,"(1283, 1377)",0.002859597,0
4493,4616,1,"(4493, 4616)",0.42423198,0
2631,3283,1,"(2631, 3283)",0.03057877,0
4009,4046,1,"(4009, 4046)",0.035580155,0
1090,1108,1,"(1090, 1108)",0.99632543,1
2312,4837,1,"(2312, 4837)",0.0018692529,0
2585,3215,1,"(2585, 3215)",0.99881774,1
247,330,1,"(247, 330)",0.4127441,0
1031,1046,1,"(1031, 1046)",0.9993018,1
564,532,1,"(564, 532)",0.80455935,1
1962,1964,1,"(1962, 1964)",0.21364288,0
1807,1800,1,"(1807, 1800)",0.0022972736,0
459,428,1,"(459, 428)",0.99562484,1
4340,4357,1,"(4340, 4357)",0.96707946,1
3544,3556,1,"(3544, 3556)",0.16475764,0
578,594,1,"(578, 594)",0.060494542,0
2407,2257,1,"(2407, 2257)",0.9529453,1
4485,4601,1,"(4485, 4601)",0.0025294204,0
3329,3466,1,"(3329, 3466)",0.0926455,0
4374,4376,1,"(4374, 4376)",0.994934,1
3307,3470,1,"(3307, 3470)",0.14529286,0
2952,2820,1,"(2952, 2820)",0.98977625,1
967,968,1,"(967, 968)",0.029642828,0
1471,1363,1,"(1471, 1363)",0.40298352,0
2370,2216,1,"(2370, 2216)",0.0010485008,0
3311,3312,1,"(3311, 3312)",0.2937304,0
3174,2932,1,"(3174, 2932)",0.9838664,1
3629,3741,1,"(3629, 3741)",0.42670166,0
4545,4523,1,"(4545, 4523)",0.0013763176,0
3128,3149,1,"(3128, 3149)",0.9784476,1
1356,1558,1,"(1356, 1558)",0.99922657,1
2779,2857,1,"(2779, 2857)",0.99886996,1
704,713,1,"(704, 713)",0.041036174,0
2574,2692,1,"(2574, 2692)",0.9880745,1
2130,1732,1,"(2130, 1732)",0.29611,0
4652,4644,1,"(4652, 4644)",0.011336188,0
1575,1685,1,"(1575, 1685)",0.88534814,1
169,187,1,"(169, 187)",0.9675501,1
3330,3580,1,"(3330, 3580)",0.017101957,0
1070,1371,1,"(1070, 1371)",0.13255154,0
3063,3109,1,"(3063, 3109)",0.9984498,1
637,671,1,"(637, 671)",0.42816427,0
3327,3713,1,"(3327, 3713)",0.010668267,0
2361,2279,1,"(2361, 2279)",0.008470377,0
2221,2402,1,"(2221, 2402)",0.5813593,1
2221,2403,1,"(2221, 2403)",0.9971175,1
485,486,1,"(485, 486)",0.99582434,1
4782,4827,1,"(4782, 4827)",0.9737322,1
3159,3202,1,"(3159, 3202)",0.99819714,1
3514,3701,1,"(3514, 3701)",0.99838305,1
2579,3113,1,"(2579, 3113)",0.9986449,1
1093,2135,1,"(1093, 2135)",0.9992423,1
4850,4909,1,"(4850, 4909)",0.8697847,1
4461,4446,1,"(4461, 4446)",0.0006892791,0
2983,3232,1,"(2983, 3232)",0.99900836,1
871,885,1,"(871, 885)",0.99872917,1
284,366,1,"(284, 366)",0.9970413,1
1523,2031,1,"(1523, 2031)",0.99507445,1
3797,3776,1,"(3797, 3776)",0.9821206,1
2740,2932,1,"(2740, 2932)",0.99103034,1
2139,1489,1,"(2139, 1489)",0.99922085,1
4147,4171,1,"(4147, 4171)",0.9958604,1
2128,2153,1,"(2128, 2153)",0.138973,0
1050,984,1,"(1050, 984)",0.022281313,0
192,144,1,"(192, 144)",0.99938774,1
282,295,1,"(282, 295)",0.9980027,1
4000,4001,1,"(4000, 4001)",0.9205745,1
1306,1433,1,"(1306, 1433)",0.23009448,0
3904,3885,1,"(3904, 3885)",0.001888289,0
4509,4664,1,"(4509, 4664)",0.0075917663,0
4602,4565,1,"(4602, 4565)",0.9988154,1
279,282,1,"(279, 282)",0.9991841,1
4188,4166,1,"(4188, 4166)",0.010973148,0
3109,3148,1,"(3109, 3148)",0.99875796,1
1699,1643,1,"(1699, 1643)",0.24670507,0
485,489,1,"(485, 489)",0.99652463,1
3050,3098,1,"(3050, 3098)",0.99915624,1
1170,1175,1,"(1170, 1175)",0.92686427,1
4352,4384,1,"(4352, 4384)",0.9980817,1
3146,2884,1,"(3146, 2884)",0.99822396,1
103,153,1,"(103, 153)",0.72248995,1
2760,2740,1,"(2760, 2740)",0.97079134,1
2837,2969,1,"(2837, 2969)",0.9989182,1
4662,4661,1,"(4662, 4661)",0.28929764,0
4152,4163,1,"(4152, 4163)",0.45163232,0
1871,1872,1,"(1871, 1872)",0.5431599,1
2810,2840,1,"(2810, 2840)",0.11592659,0
551,505,1,"(551, 505)",0.9969227,1
1776,1699,1,"(1776, 1699)",0.5192274,1
3957,4031,1,"(3957, 4031)",0.18431458,0
2841,2932,1,"(2841, 2932)",0.995535,1
1541,1403,1,"(1541, 1403)",0.17882326,0
1407,1219,1,"(1407, 1219)",0.006582802,0
1749,1885,1,"(1749, 1885)",0.088245615,0
1067,1969,1,"(1067, 1969)",0.04699545,0
2527,2789,1,"(2527, 2789)",0.0017829956,0
4722,4723,1,"(4722, 4723)",0.94942755,1
3329,3365,1,"(3329, 3365)",0.15387867,0
1899,1960,1,"(1899, 1960)",0.23392609,0
1242,1995,1,"(1242, 1995)",0.034870688,0
2351,2364,1,"(2351, 2364)",0.0038250596,0
2439,2449,1,"(2439, 2449)",0.28961,0
2383,2328,1,"(2383, 2328)",0.9569456,1
3355,3437,1,"(3355, 3437)",0.14806508,0
948,950,1,"(948, 950)",0.9219688,1
1257,1258,1,"(1257, 1258)",0.44046766,0
335,244,1,"(335, 244)",0.49547982,0
2799,2800,1,"(2799, 2800)",0.6837747,1
1033,4902,1,"(1033, 4902)",0.009966048,0
1149,1696,1,"(1149, 1696)",0.5332635,1
1076,1075,1,"(1076, 1075)",0.031141695,0
3289,2650,1,"(3289, 2650)",0.9976865,1
492,493,1,"(492, 493)",0.8960908,1
1510,1980,1,"(1510, 1980)",0.011256432,0
3789,3787,1,"(3789, 3787)",0.023397582,0
3564,3563,1,"(3564, 3563)",0.057540573,0
1330,1329,1,"(1330, 1329)",0.09641118,0
4747,4741,1,"(4747, 4741)",0.306188,0
3485,3567,1,"(3485, 3567)",0.99765044,1
3811,3831,1,"(3811, 3831)",0.91186935,1
3763,4199,1,"(3763, 4199)",0.40775698,0
3414,3551,1,"(3414, 3551)",0.32190147,0
2575,2574,1,"(2575, 2574)",0.26142424,0
893,857,1,"(893, 857)",0.99893576,1
764,774,1,"(764, 774)",0.623174,1
4036,4080,1,"(4036, 4080)",0.9919843,1
1559,1529,1,"(1559, 1529)",0.2352817,0
2256,2303,1,"(2256, 2303)",0.9991623,1
4750,4751,1,"(4750, 4751)",0.44345224,0
1473,2131,1,"(1473, 2131)",0.39162222,0
1067,1068,1,"(1067, 1068)",0.98389727,1
811,822,1,"(811, 822)",0.951581,1
2061,2107,1,"(2061, 2107)",0.9318024,1
192,193,1,"(192, 193)",0.002523974,0
2235,2369,1,"(2235, 2369)",0.21453735,0
4402,4384,1,"(4402, 4384)",0.99638915,1
758,813,1,"(758, 813)",0.03604126,0
2520,3005,1,"(2520, 3005)",0.99585295,1
3863,3826,1,"(3863, 3826)",0.09501602,0
2530,2792,1,"(2530, 2792)",0.7717564,1
4172,4218,1,"(4172, 4218)",0.027376374,0
2936,2846,1,"(2936, 2846)",0.55435455,1
501,549,1,"(501, 549)",0.45145518,0
3117,3246,1,"(3117, 3246)",0.99984384,1
1049,1035,1,"(1049, 1035)",0.9567737,1
1361,1362,1,"(1361, 1362)",0.9083357,1
2118,2151,1,"(2118, 2151)",0.7905801,1
2592,2575,1,"(2592, 2575)",0.9149283,1
2710,3199,1,"(2710, 3199)",0.9990553,1
222,134,1,"(222, 134)",0.17912172,0
2336,2367,1,"(2336, 2367)",0.9857437,1
630,696,1,"(630, 696)",0.08338344,0
818,819,1,"(818, 819)",0.0739145,0
1075,1217,1,"(1075, 1217)",0.089394845,0
4215,4216,1,"(4215, 4216)",0.24658832,0
3836,3907,1,"(3836, 3907)",0.049849223,0
2937,2924,1,"(2937, 2924)",0.99962854,1
3312,3359,1,"(3312, 3359)",0.08010649,0
1653,2038,1,"(1653, 2038)",0.0076859784,0
3823,3913,1,"(3823, 3913)",0.10133902,0
2268,2416,1,"(2268, 2416)",0.4129282,0
3812,3813,1,"(3812, 3813)",0.22713561,0
2347,2218,1,"(2347, 2218)",0.091539845,0
4187,4180,1,"(4187, 4180)",0.12019621,0
2959,2819,1,"(2959, 2819)",0.98909736,1
451,453,1,"(451, 453)",0.3766052,0
4788,4792,1,"(4788, 4792)",0.96883976,1
2248,4535,1,"(2248, 4535)",0.01604266,0
4084,4086,1,"(4084, 4086)",0.97451174,1
343,342,1,"(343, 342)",0.21089274,0
3869,4619,0,"(3869, 4619)",0.0016492546,0
3839,4660,0,"(3839, 4660)",0.003194745,0
2346,4700,0,"(2346, 4700)",0.0045529203,0
3147,4878,0,"(3147, 4878)",0.0048589944,0
2477,3114,0,"(2477, 3114)",0.043850176,0
3104,4604,0,"(3104, 4604)",0.0012904358,0
1091,2840,0,"(1091, 2840)",0.02670344,0
649,962,0,"(649, 962)",0.004776639,0
229,2625,0,"(229, 2625)",0.0047515137,0
3634,4937,0,"(3634, 4937)",0.010712879,0
3283,3377,0,"(3283, 3377)",0.01707007,0
894,1846,0,"(894, 1846)",0.016376873,0
2122,4719,0,"(2122, 4719)",0.015027674,0
244,3494,0,"(244, 3494)",0.012232745,0
352,1007,0,"(352, 1007)",0.0018950126,0
620,1776,0,"(620, 1776)",0.008351634,0
1100,4629,0,"(1100, 4629)",0.002486726,0
2089,4234,0,"(2089, 4234)",0.0015271048,0
2172,4327,0,"(2172, 4327)",0.6122395,1
2719,3599,0,"(2719, 3599)",0.12626036,0
1773,2346,0,"(1773, 2346)",0.004260217,0
328,1710,0,"(328, 1710)",0.121987544,0
54,2058,0,"(54, 2058)",0.0887174,0
211,428,0,"(211, 428)",0.0009838927,0
1875,3720,0,"(1875, 3720)",0.01038382,0
1009,4077,0,"(1009, 4077)",0.0062918514,0
1656,2956,0,"(1656, 2956)",0.00085569924,0
1130,4597,0,"(1130, 4597)",0.050460454,0
1754,4071,0,"(1754, 4071)",0.1731449,0
3098,4405,0,"(3098, 4405)",0.23350614,0
1710,3353,0,"(1710, 3353)",0.10429076,0
1098,3741,0,"(1098, 3741)",0.016443763,0
2802,4095,0,"(2802, 4095)",0.004595146,0
1844,2424,0,"(1844, 2424)",0.0052276193,0
49,951,0,"(49, 951)",0.0008475084,0
4485,4715,0,"(4485, 4715)",0.2449446,0
4121,4510,0,"(4121, 4510)",0.042928606,0
1207,4039,0,"(1207, 4039)",0.017950619,0
39,4159,0,"(39, 4159)",0.0005442156,0
965,2610,0,"(965, 2610)",0.0007436551,0
2623,3056,0,"(2623, 3056)",0.0046856483,0
2405,3074,0,"(2405, 3074)",0.010119348,0
107,4086,0,"(107, 4086)",0.008225592,0
783,3269,0,"(783, 3269)",0.0017165762,0
3773,4661,0,"(3773, 4661)",0.10430729,0
2618,3821,0,"(2618, 3821)",0.0020065955,0
25,497,0,"(25, 497)",0.007909492,0
1795,3824,0,"(1795, 3824)",0.014715853,0
2824,3706,0,"(2824, 3706)",0.0027489471,0
2800,3520,0,"(2800, 3520)",0.02391094,0
2547,2753,0,"(2547, 2753)",0.17019594,0
565,4537,0,"(565, 4537)",0.0105365105,0
1248,1893,0,"(1248, 1893)",0.008530128,0
2097,4229,0,"(2097, 4229)",0.00086147257,0
1487,1868,0,"(1487, 1868)",0.14312324,0
2422,3314,0,"(2422, 3314)",0.51698047,1
1261,2316,0,"(1261, 2316)",0.009972148,0
1069,2767,0,"(1069, 2767)",0.004307174,0
629,3427,0,"(629, 3427)",0.08544282,0
2503,4072,0,"(2503, 4072)",0.00041050892,0
934,2854,0,"(934, 2854)",0.014503559,0
1405,4028,0,"(1405, 4028)",0.11653863,0
4338,4391,0,"(4338, 4391)",0.7376271,1
2987,3153,0,"(2987, 3153)",0.0041989866,0
924,3381,0,"(924, 3381)",0.006170281,0
585,4833,0,"(585, 4833)",0.004564166,0
859,3249,0,"(859, 3249)",0.007717712,0
377,2703,0,"(377, 2703)",0.0013269628,0
4749,4750,0,"(4749, 4750)",0.6221731,1
2228,3856,0,"(2228, 3856)",0.014832917,0
3101,3924,0,"(3101, 3924)",0.0015594305,0
1355,1836,0,"(1355, 1836)",0.0037129794,0
2463,2961,0,"(2463, 2961)",0.6072286,1
3387,4648,0,"(3387, 4648)",0.01226515,0
2905,4169,0,"(2905, 4169)",0.16065057,0
1103,4260,0,"(1103, 4260)",0.0015848428,0
236,806,0,"(236, 806)",0.0017142458,0
596,881,0,"(596, 881)",0.0007527303,0
1777,2046,0,"(1777, 2046)",0.0017289796,0
786,4673,0,"(786, 4673)",0.0016308764,0
1840,2687,0,"(1840, 2687)",0.010506567,0
3020,3313,0,"(3020, 3313)",0.0021753148,0
2340,3435,0,"(2340, 3435)",0.0013843772,0
254,2516,0,"(254, 2516)",0.0047605014,0
547,568,0,"(547, 568)",0.9215418,1
447,3974,0,"(447, 3974)",0.23826413,0
2494,4355,0,"(2494, 4355)",0.00077759236,0
601,1986,0,"(601, 1986)",0.064888015,0
336,3566,0,"(336, 3566)",0.19336917,0
809,2250,0,"(809, 2250)",0.0008878189,0
3242,4377,0,"(3242, 4377)",0.45952123,0
2685,3232,0,"(2685, 3232)",0.0198319,0
1739,4244,0,"(1739, 4244)",0.006630731,0
526,2897,0,"(526, 2897)",0.0013576936,0
2442,2984,0,"(2442, 2984)",0.27916142,0
547,1444,0,"(547, 1444)",0.004348503,0
1131,3665,0,"(1131, 3665)",0.012227445,0
1613,3607,0,"(1613, 3607)",0.47730914,0
2812,3164,0,"(2812, 3164)",0.025471605,0
874,4149,0,"(874, 4149)",0.5351714,1
699,1748,0,"(699, 1748)",0.0007662928,0
1087,1424,0,"(1087, 1424)",0.031756643,0
1069,1185,0,"(1069, 1185)",0.03686835,0
2470,2593,0,"(2470, 2593)",0.011783988,0
3691,4234,0,"(3691, 4234)",0.0012660832,0
731,1680,0,"(731, 1680)",0.010616283,0
262,365,0,"(262, 365)",0.29832357,0
2072,4135,0,"(2072, 4135)",0.004150118,0
847,3102,0,"(847, 3102)",0.012967011,0
2397,3475,0,"(2397, 3475)",0.009947063,0
2275,4822,0,"(2275, 4822)",0.0058180094,0
48,1095,0,"(48, 1095)",0.0078435745,0
3578,4722,0,"(3578, 4722)",0.017134154,0
2265,3876,0,"(2265, 3876)",0.0025438308,0
165,1840,0,"(165, 1840)",0.002549834,0
2146,3466,0,"(2146, 3466)",0.051570617,0
3036,4559,0,"(3036, 4559)",0.95406026,1
578,2307,0,"(578, 2307)",0.043790974,0
583,1412,0,"(583, 1412)",0.02350809,0
495,3235,0,"(495, 3235)",0.3502249,0
1101,1846,0,"(1101, 1846)",0.29661155,0
719,4769,0,"(719, 4769)",0.00060714735,0
1997,2563,0,"(1997, 2563)",0.021402387,0
3950,4225,0,"(3950, 4225)",0.0014258375,0
1446,3859,0,"(1446, 3859)",0.0047963075,0
1478,3996,0,"(1478, 3996)",0.0023355437,0
1336,1814,0,"(1336, 1814)",0.19513907,0
612,1958,0,"(612, 1958)",0.0036890863,0
964,1005,0,"(964, 1005)",0.10220985,0
2149,2793,0,"(2149, 2793)",0.034223087,0
129,4798,0,"(129, 4798)",0.011684448,0
127,4059,0,"(127, 4059)",0.0005891167,0
733,1881,0,"(733, 1881)",0.0036229796,0
39,4337,0,"(39, 4337)",0.15979634,0
222,2359,0,"(222, 2359)",0.028979214,0
1073,2428,0,"(1073, 2428)",0.0020876713,0
2567,2977,0,"(2567, 2977)",0.13858959,0
823,4374,0,"(823, 4374)",0.006415385,0
910,3564,0,"(910, 3564)",0.00013454427,0
1911,3956,0,"(1911, 3956)",0.0034987438,0
2829,3274,0,"(2829, 3274)",0.011801865,0
52,2853,0,"(52, 2853)",0.0045091524,0
1003,4074,0,"(1003, 4074)",0.0118273,0
1156,4485,0,"(1156, 4485)",0.0065582194,0
667,4917,0,"(667, 4917)",0.015467424,0
3053,3899,0,"(3053, 3899)",0.0032634342,0
961,2418,0,"(961, 2418)",0.0049159215,0
903,4272,0,"(903, 4272)",0.0020940197,0
1013,1844,0,"(1013, 1844)",0.0012245161,0
2423,4009,0,"(2423, 4009)",0.001980776,0
400,3624,0,"(400, 3624)",0.0007593558,0
80,2894,0,"(80, 2894)",0.011544701,0
1721,3596,0,"(1721, 3596)",0.00026646187,0
4200,4566,0,"(4200, 4566)",0.0038094816,0
4498,4677,0,"(4498, 4677)",0.0064789043,0
2328,2489,0,"(2328, 2489)",0.00063387677,0
1951,4930,0,"(1951, 4930)",0.0059218244,0
1770,4185,0,"(1770, 4185)",0.0025696175,0
269,2170,0,"(269, 2170)",0.016425297,0
1821,3082,0,"(1821, 3082)",0.0240842,0
686,2655,0,"(686, 2655)",0.017298684,0
4241,4507,0,"(4241, 4507)",0.07660263,0
309,1487,0,"(309, 1487)",0.020121654,0
179,1925,0,"(179, 1925)",0.008768451,0
706,1288,0,"(706, 1288)",0.018855784,0
3339,3499,0,"(3339, 3499)",0.009682348,0
3434,4140,0,"(3434, 4140)",0.046686076,0
282,1437,0,"(282, 1437)",0.0079452675,0
656,4761,0,"(656, 4761)",0.0019109289,0
2285,3676,0,"(2285, 3676)",0.0025215743,0
1043,1087,0,"(1043, 1087)",0.01647145,0
1625,4121,0,"(1625, 4121)",0.002104292,0
2309,2660,0,"(2309, 2660)",0.0014176881,0
1792,3243,0,"(1792, 3243)",0.21319874,0
2291,3181,0,"(2291, 3181)",0.00019628856,0
158,1466,0,"(158, 1466)",0.00014888788,0
241,2782,0,"(241, 2782)",0.12326023,0
2203,3418,0,"(2203, 3418)",0.0009312358,0
744,2696,0,"(744, 2696)",0.021938205,0
324,4524,0,"(324, 4524)",0.009599505,0
2557,4205,0,"(2557, 4205)",0.0050879023,0
4305,4636,0,"(4305, 4636)",0.0067233844,0
992,1795,0,"(992, 1795)",0.0075487127,0
672,2964,0,"(672, 2964)",0.00068113866,0
2329,4210,0,"(2329, 4210)",0.0026459317,0
1244,1852,0,"(1244, 1852)",0.02917224,0
2759,4612,0,"(2759, 4612)",0.0011483277,0
140,3205,0,"(140, 3205)",0.012968251,0
982,2706,0,"(982, 2706)",0.00071352907,0
1460,2155,0,"(1460, 2155)",0.002240271,0
412,1570,0,"(412, 1570)",0.002829766,0
2812,4404,0,"(2812, 4404)",0.0048228945,0
3676,3766,0,"(3676, 3766)",0.005135178,0
2102,2203,0,"(2102, 2203)",0.029211376,0
564,2966,0,"(564, 2966)",0.0046882974,0
2812,3236,0,"(2812, 3236)",0.019943416,0
34,2913,0,"(34, 2913)",0.06928768,0
1274,2042,0,"(1274, 2042)",0.28761613,0
1980,3428,0,"(1980, 3428)",0.0006163318,0
2996,4783,0,"(2996, 4783)",0.35140055,0
3589,3997,0,"(3589, 3997)",0.10892336,0
1582,2172,0,"(1582, 2172)",0.22021383,0
884,4681,0,"(884, 4681)",0.102057725,0
2928,4075,0,"(2928, 4075)",0.0031547516,0
745,4873,0,"(745, 4873)",0.017638696,0
3617,4028,0,"(3617, 4028)",0.007940747,0
1100,1474,0,"(1100, 1474)",0.0035911738,0
2156,2185,0,"(2156, 2185)",0.01907279,0
34,3862,0,"(34, 3862)",0.0034446972,0
4295,4370,0,"(4295, 4370)",0.0022336938,0
7,3787,0,"(7, 3787)",0.0011528729,0
660,1273,0,"(660, 1273)",0.01141786,0
2176,3825,0,"(2176, 3825)",0.0045965943,0
3070,3873,0,"(3070, 3873)",0.002364922,0
1037,4161,0,"(1037, 4161)",0.118270464,0
866,4467,0,"(866, 4467)",0.06352922,0
2430,3212,0,"(2430, 3212)",0.0015087812,0
682,1890,0,"(682, 1890)",0.012086827,0
1522,3863,0,"(1522, 3863)",0.04644934,0
2831,3256,0,"(2831, 3256)",0.0132895475,0
2588,4447,0,"(2588, 4447)",0.007681426,0
714,4746,0,"(714, 4746)",0.01427286,0
2254,4166,0,"(2254, 4166)",0.004755762,0
3256,4617,0,"(3256, 4617)",0.018498098,0
273,3062,0,"(273, 3062)",0.1766171,0
932,4106,0,"(932, 4106)",0.41299406,0
3513,4543,0,"(3513, 4543)",0.042710908,0
2176,4216,0,"(2176, 4216)",0.0045804186,0
1979,2995,0,"(1979, 2995)",0.010279512,0
2276,2718,0,"(2276, 2718)",0.27301717,0
2704,4323,0,"(2704, 4323)",0.023496047,0
932,4012,0,"(932, 4012)",0.33488345,0
128,401,0,"(128, 401)",0.0013302718,0
1651,4217,0,"(1651, 4217)",0.012423791,0
1691,2986,0,"(1691, 2986)",0.011068359,0
1602,4140,0,"(1602, 4140)",0.0041656587,0
1795,2870,0,"(1795, 2870)",0.006216598,0
1905,4643,0,"(1905, 4643)",0.1164953,0
2435,2851,0,"(2435, 2851)",0.005393986,0
1767,4284,0,"(1767, 4284)",0.0055186823,0
2185,3693,0,"(2185, 3693)",0.0033972256,0
1489,3132,0,"(1489, 3132)",0.001637454,0
212,3193,0,"(212, 3193)",0.021501012,0
2735,4825,0,"(2735, 4825)",0.1260891,0
2814,3030,0,"(2814, 3030)",0.005528517,0
3227,3900,0,"(3227, 3900)",0.22979245,0
1078,4269,0,"(1078, 4269)",0.0043592746,0
1520,1734,0,"(1520, 1734)",0.0044509736,0
2194,4347,0,"(2194, 4347)",0.00032050264,0
4438,4886,0,"(4438, 4886)",0.6931861,1
1552,2898,0,"(1552, 2898)",0.023743862,0
414,930,0,"(414, 930)",0.012613839,0
321,3413,0,"(321, 3413)",0.009544868,0
246,2093,0,"(246, 2093)",0.005484862,0
1076,2876,0,"(1076, 2876)",0.0057969093,0
351,4307,0,"(351, 4307)",0.55992925,1
2636,3125,0,"(2636, 3125)",0.026256368,0
1683,4668,0,"(1683, 4668)",0.036833163,0
298,3944,0,"(298, 3944)",0.018560331,0
961,1313,0,"(961, 1313)",0.0006791681,0
546,1083,0,"(546, 1083)",0.00796186,0
1883,4083,0,"(1883, 4083)",0.00033969275,0
4045,4100,0,"(4045, 4100)",0.00037824558,0
508,2985,0,"(508, 2985)",0.21807997,0
2092,3190,0,"(2092, 3190)",0.05749837,0
1713,3350,0,"(1713, 3350)",0.08998698,0
326,4261,0,"(326, 4261)",0.014216638,0
1575,2392,0,"(1575, 2392)",0.007094275,0
2116,3277,0,"(2116, 3277)",0.002787839,0
967,1801,0,"(967, 1801)",0.019866869,0
1985,2257,0,"(1985, 2257)",0.0017209697,0
3334,4116,0,"(3334, 4116)",0.19646037,0
1407,2252,0,"(1407, 2252)",0.020306468,0
2322,4474,0,"(2322, 4474)",0.007298054,0
261,2971,0,"(261, 2971)",0.017158806,0
2712,3042,0,"(2712, 3042)",0.06529873,0
257,3288,0,"(257, 3288)",0.0013838124,0
1338,1630,0,"(1338, 1630)",0.011120654,0
928,2041,0,"(928, 2041)",0.0042196633,0
1971,3553,0,"(1971, 3553)",0.012213861,0
3905,4197,0,"(3905, 4197)",0.99664694,1
859,3041,0,"(859, 3041)",0.059451852,0
2848,2889,0,"(2848, 2889)",0.009671358,0
1713,1756,0,"(1713, 1756)",0.03528348,0
1104,1860,0,"(1104, 1860)",0.0058366978,0
2644,3340,0,"(2644, 3340)",0.017330335,0
1944,2974,0,"(1944, 2974)",0.0016910858,0
2583,4113,0,"(2583, 4113)",0.034738973,0
559,4224,0,"(559, 4224)",0.044355057,0
1230,4475,0,"(1230, 4475)",0.1993086,0
983,2831,0,"(983, 2831)",0.0027021335,0
979,4054,0,"(979, 4054)",0.004009061,0
74,4423,0,"(74, 4423)",0.0003440949,0
462,3018,0,"(462, 3018)",0.012420591,0
1812,3501,0,"(1812, 3501)",0.0064181914,0
2304,3297,0,"(2304, 3297)",0.008203286,0
1013,3688,0,"(1013, 3688)",0.0034086248,0
228,2666,0,"(228, 2666)",0.008868224,0
726,826,0,"(726, 826)",0.00063655694,0
2834,4026,0,"(2834, 4026)",0.053533293,0
2356,2446,0,"(2356, 2446)",0.0055544847,0
2877,4154,0,"(2877, 4154)",0.002113877,0
933,1717,0,"(933, 1717)",0.008001299,0
2844,2978,0,"(2844, 2978)",0.94504756,1
3196,3317,0,"(3196, 3317)",0.0045481944,0
206,1230,0,"(206, 1230)",0.011888284,0
636,4350,0,"(636, 4350)",0.018981948,0
3938,4791,0,"(3938, 4791)",0.013317933,0
491,1068,0,"(491, 1068)",0.018553492,0
100,3600,0,"(100, 3600)",0.0007786965,0
776,2419,0,"(776, 2419)",0.00027325336,0
272,3023,0,"(272, 3023)",0.015896259,0
1459,2041,0,"(1459, 2041)",0.0013315951,0
785,804,0,"(785, 804)",0.007679348,0
1181,4904,0,"(1181, 4904)",0.026793307,0
642,4701,0,"(642, 4701)",0.2926922,0
1808,2309,0,"(1808, 2309)",0.0020157786,0
3198,3748,0,"(3198, 3748)",0.0066730543,0
3677,4532,0,"(3677, 4532)",0.568947,1
819,1199,0,"(819, 1199)",0.003576518,0
3927,3951,0,"(3927, 3951)",0.0004551716,0
1057,1534,0,"(1057, 1534)",0.012739748,0
1167,1997,0,"(1167, 1997)",0.0021634263,0
836,3799,0,"(836, 3799)",0.27915314,0
2054,3282,0,"(2054, 3282)",0.0021597666,0
2129,4552,0,"(2129, 4552)",0.019700067,0
1199,3425,0,"(1199, 3425)",0.028646227,0
2089,4152,0,"(2089, 4152)",0.007973532,0
224,3939,0,"(224, 3939)",0.022418631,0
35,4780,0,"(35, 4780)",0.015137765,0
1462,2372,0,"(1462, 2372)",0.00019196374,0
200,4254,0,"(200, 4254)",0.03984982,0
3019,4896,0,"(3019, 4896)",0.0070788683,0
4046,4529,0,"(4046, 4529)",0.012943449,0
31,1353,0,"(31, 1353)",0.019109892,0
3179,3528,0,"(3179, 3528)",0.0019572005,0
40,2153,0,"(40, 2153)",0.39692643,0
690,2297,0,"(690, 2297)",0.032305732,0
1122,3431,0,"(1122, 3431)",0.0035624835,0
2314,3308,0,"(2314, 3308)",0.028202744,0
578,4591,0,"(578, 4591)",0.0537974,0
9,1517,0,"(9, 1517)",0.015136293,0
2738,3272,0,"(2738, 3272)",0.015646439,0
1241,3999,0,"(1241, 3999)",0.0027111743,0
1673,4712,0,"(1673, 4712)",0.01817512,0
635,3053,0,"(635, 3053)",0.016902413,0
1960,4854,0,"(1960, 4854)",0.35555598,0
388,2149,0,"(388, 2149)",0.015478282,0
1796,4396,0,"(1796, 4396)",0.003353031,0
1738,4483,0,"(1738, 4483)",0.015501188,0
2324,4337,0,"(2324, 4337)",0.28384373,0
3676,3761,0,"(3676, 3761)",0.006601985,0
1017,2468,0,"(1017, 2468)",0.056118947,0
793,1037,0,"(793, 1037)",0.37337098,0
1828,1860,0,"(1828, 1860)",0.018194033,0
932,1051,0,"(932, 1051)",0.24890281,0
2596,3902,0,"(2596, 3902)",0.00524783,0
142,4645,0,"(142, 4645)",0.058716834,0
4442,4621,0,"(4442, 4621)",0.013326383,0
1499,2434,0,"(1499, 2434)",0.029653154,0
3220,3865,0,"(3220, 3865)",0.0030234754,0
1552,2941,0,"(1552, 2941)",0.005036713,0
99,4484,0,"(99, 4484)",0.0021632316,0
1148,4207,0,"(1148, 4207)",0.0013548435,0
2565,4058,0,"(2565, 4058)",0.008660251,0
691,1785,0,"(691, 1785)",0.49985507,0
3003,3681,0,"(3003, 3681)",0.008054871,0
2647,2653,0,"(2647, 2653)",0.005869867,0
2545,3279,0,"(2545, 3279)",0.014901715,0
356,2321,0,"(356, 2321)",0.015295333,0
1615,3558,0,"(1615, 3558)",0.0018401835,0
577,4111,0,"(577, 4111)",0.014036326,0
3110,4331,0,"(3110, 4331)",0.0112968795,0
2025,2040,0,"(2025, 2040)",0.5507411,1
2439,3142,0,"(2439, 3142)",0.00063140347,0
2364,4110,0,"(2364, 4110)",0.0035715678,0
737,4515,0,"(737, 4515)",0.42718697,0
4435,4721,0,"(4435, 4721)",0.019763656,0
298,770,0,"(298, 770)",0.050870888,0
2568,4193,0,"(2568, 4193)",0.0011721122,0
127,3139,0,"(127, 3139)",0.0050892876,0
1033,2554,0,"(1033, 2554)",0.006167928,0
1088,4725,0,"(1088, 4725)",0.04522809,0
99,4389,0,"(99, 4389)",0.00027392007,0
46,3419,0,"(46, 3419)",0.007449892,0
583,4183,0,"(583, 4183)",0.015191003,0
1092,4337,0,"(1092, 4337)",0.24977204,0
1416,1506,0,"(1416, 1506)",0.95630807,1
3802,4650,0,"(3802, 4650)",0.0009465606,0
158,2948,0,"(158, 2948)",0.0006576881,0
1416,1739,0,"(1416, 1739)",0.0034382574,0
964,2678,0,"(964, 2678)",0.08163422,0
3401,4400,0,"(3401, 4400)",0.11450437,0
1415,4768,0,"(1415, 4768)",0.00031272523,0
2604,4464,0,"(2604, 4464)",0.0010979243,0
2409,3114,0,"(2409, 3114)",0.018286698,0
188,1619,0,"(188, 1619)",0.002301426,0
3460,3765,0,"(3460, 3765)",0.0055029783,0
1613,3613,0,"(1613, 3613)",0.20381674,0
3357,4007,0,"(3357, 4007)",0.0034982318,0
2273,3711,0,"(2273, 3711)",0.0013762703,0
1583,2212,0,"(1583, 2212)",0.0036296009,0
2371,4213,0,"(2371, 4213)",0.043351065,0
2987,4602,0,"(2987, 4602)",0.06213604,0
3013,4075,0,"(3013, 4075)",0.0027792791,0
1151,3702,0,"(1151, 3702)",0.0026733188,0
2258,2556,0,"(2258, 2556)",0.0016478874,0
1672,2019,0,"(1672, 2019)",0.43210164,0
1782,3423,0,"(1782, 3423)",0.023424994,0
964,3278,0,"(964, 3278)",0.011021738,0
4778,4819,0,"(4778, 4819)",0.0022301492,0
152,3010,0,"(152, 3010)",0.010686229,0
183,1434,0,"(183, 1434)",0.0016643252,0
1134,3400,0,"(1134, 3400)",0.00060308684,0
835,3682,0,"(835, 3682)",0.0010231956,0
2083,4792,0,"(2083, 4792)",0.015357819,0
633,3302,0,"(633, 3302)",0.00094683253,0
366,1955,0,"(366, 1955)",0.0060598277,0
3757,4266,0,"(3757, 4266)",0.09080097,0
729,1469,0,"(729, 1469)",0.05816088,0
429,3948,0,"(429, 3948)",0.20716682,0
1008,1925,0,"(1008, 1925)",0.002237968,0
1333,2968,0,"(1333, 2968)",0.008208044,0
2976,4781,0,"(2976, 4781)",0.0017631801,0
4329,4514,0,"(4329, 4514)",0.6908747,1
2141,2726,0,"(2141, 2726)",0.015671548,0
49,2533,0,"(49, 2533)",0.0047845384,0
2176,3664,0,"(2176, 3664)",0.0007947569,0
3842,4664,0,"(3842, 4664)",0.013604066,0
1748,2217,0,"(1748, 2217)",0.030751657,0
362,1259,0,"(362, 1259)",0.043145068,0
1024,3576,0,"(1024, 3576)",0.0038809779,0
357,774,0,"(357, 774)",0.006674689,0
2003,3304,0,"(2003, 3304)",0.055127546,0
1710,4117,0,"(1710, 4117)",0.028615419,0
1967,4064,0,"(1967, 4064)",0.012222523,0
2286,3445,0,"(2286, 3445)",0.011718429,0
767,1955,0,"(767, 1955)",0.21266837,0
1513,2136,0,"(1513, 2136)",0.01427109,0
600,4782,0,"(600, 4782)",0.025844485,0
26,4712,0,"(26, 4712)",0.04724409,0
517,3097,0,"(517, 3097)",0.0018186875,0
2079,4676,0,"(2079, 4676)",0.01027811,0
667,4203,0,"(667, 4203)",0.054710884,0
1490,3751,0,"(1490, 3751)",0.0009548217,0
186,3918,0,"(186, 3918)",0.0035267598,0
612,4848,0,"(612, 4848)",0.0046660663,0
4312,4862,0,"(4312, 4862)",0.0027499187,0
2914,3902,0,"(2914, 3902)",0.014365475,0
525,1457,0,"(525, 1457)",0.007963977,0
692,4531,0,"(692, 4531)",0.0050648833,0
730,1931,0,"(730, 1931)",0.002158416,0
1113,2363,0,"(1113, 2363)",0.20937532,0
801,3735,0,"(801, 3735)",0.001985576,0
662,1216,0,"(662, 1216)",0.00620799,0
2836,4079,0,"(2836, 4079)",0.036499485,0
194,3597,0,"(194, 3597)",0.0086039,0
1935,4791,0,"(1935, 4791)",0.0226388,0
477,3696,0,"(477, 3696)",0.0015001119,0
1639,2033,0,"(1639, 2033)",0.027713034,0
1313,4450,0,"(1313, 4450)",0.012761603,0
533,1365,0,"(533, 1365)",0.043216426,0
2124,4146,0,"(2124, 4146)",0.0037999176,0
686,1075,0,"(686, 1075)",0.03377957,0
2183,2584,0,"(2183, 2584)",0.012816616,0
751,4371,0,"(751, 4371)",0.10984809,0
2390,3916,0,"(2390, 3916)",0.007841897,0
1628,2912,0,"(1628, 2912)",0.010499376,0
3142,3257,0,"(3142, 3257)",0.0901418,0
3339,4273,0,"(3339, 4273)",0.13062161,0
414,744,0,"(414, 744)",0.041053977,0
40,4189,0,"(40, 4189)",0.013109564,0
3876,4188,0,"(3876, 4188)",0.019399468,0
2441,3273,0,"(2441, 3273)",0.004232164,0
1651,3799,0,"(1651, 3799)",0.39704683,0
1058,2280,0,"(1058, 2280)",0.0027976234,0
340,1257,0,"(340, 1257)",0.006406495,0
3960,3997,0,"(3960, 3997)",0.015925907,0
2872,3674,0,"(2872, 3674)",0.0044104713,0
1238,3082,0,"(1238, 3082)",0.010655697,0
925,4901,0,"(925, 4901)",0.0028799756,0
1609,1794,0,"(1609, 1794)",0.009534335,0
2387,3494,0,"(2387, 3494)",0.038183045,0
2776,4663,0,"(2776, 4663)",0.0017746513,0
291,960,0,"(291, 960)",0.031188363,0
447,1445,0,"(447, 1445)",0.0016771291,0
4305,4847,0,"(4305, 4847)",0.060518,0
983,2200,0,"(983, 2200)",0.012894993,0
2014,4873,0,"(2014, 4873)",0.043260634,0
3737,3869,0,"(3737, 3869)",0.001588585,0
2263,3390,0,"(2263, 3390)",0.0447118,0
2737,4745,0,"(2737, 4745)",0.06674994,0
3473,4918,0,"(3473, 4918)",0.64724874,1
32,2393,0,"(32, 2393)",0.0207856,0
4544,4705,0,"(4544, 4705)",0.0027144859,0
6,2071,0,"(6, 2071)",0.0035503844,0
3097,4601,0,"(3097, 4601)",0.00095744996,0
538,3740,0,"(538, 3740)",0.011869642,0
2620,4451,0,"(2620, 4451)",0.0012282641,0
296,429,0,"(296, 429)",0.19834034,0
3630,4394,0,"(3630, 4394)",0.074518904,0
2251,4100,0,"(2251, 4100)",0.012100944,0
357,760,0,"(357, 760)",0.007961147,0
1056,4743,0,"(1056, 4743)",0.0024510825,0
1081,2772,0,"(1081, 2772)",0.008807824,0
2014,4257,0,"(2014, 4257)",0.0115427105,0
2612,2623,0,"(2612, 2623)",0.0012303219,0
1347,1471,0,"(1347, 1471)",0.009571551,0
443,4853,0,"(443, 4853)",0.0062236423,0
1755,2176,0,"(1755, 2176)",0.013076038,0
834,1999,0,"(834, 1999)",0.012516935,0
2176,2757,0,"(2176, 2757)",0.010812036,0
2239,4514,0,"(2239, 4514)",0.040397707,0
2116,2814,0,"(2116, 2814)",0.029314013,0
691,1578,0,"(691, 1578)",0.013607587,0
1305,2467,0,"(1305, 2467)",0.0037782392,0
1277,2740,0,"(1277, 2740)",0.0027293542,0
44,542,0,"(44, 542)",0.0053701685,0
1298,3989,0,"(1298, 3989)",0.5101954,1
1379,3064,0,"(1379, 3064)",0.00053156744,0
1547,3966,0,"(1547, 3966)",0.0041222377,0
4,3335,0,"(4, 3335)",0.11078488,0
780,2980,0,"(780, 2980)",0.0008389881,0
517,4583,0,"(517, 4583)",0.0014977112,0
2401,3113,0,"(2401, 3113)",0.0019622403,0
95,2890,0,"(95, 2890)",0.0066860453,0
1078,1224,0,"(1078, 1224)",0.011099809,0
1801,2705,0,"(1801, 2705)",0.056388866,0
1661,1999,0,"(1661, 1999)",0.044576198,0
513,707,0,"(513, 707)",0.011539919,0
297,1564,0,"(297, 1564)",0.00017926609,0
334,1929,0,"(334, 1929)",0.0004170354,0
228,1463,0,"(228, 1463)",0.036039602,0
3315,3598,0,"(3315, 3598)",0.023520872,0
2179,4388,0,"(2179, 4388)",0.011197433,0
3266,3506,0,"(3266, 3506)",0.00042118705,0
3384,3853,0,"(3384, 3853)",0.013561677,0
1821,3307,0,"(1821, 3307)",0.07667515,0
1483,3292,0,"(1483, 3292)",0.0030510577,0
1638,1647,0,"(1638, 1647)",0.006700673,0
398,4266,0,"(398, 4266)",0.028159166,0
2788,3674,0,"(2788, 3674)",0.025315935,0
2638,4879,0,"(2638, 4879)",0.0030963083,0
727,4194,0,"(727, 4194)",0.00201423,0
1465,4373,0,"(1465, 4373)",0.03721299,0
3211,4758,0,"(3211, 4758)",0.0031775997,0
2059,3310,0,"(2059, 3310)",0.0019355798,0
1918,4252,0,"(1918, 4252)",0.119463846,0
1958,4872,0,"(1958, 4872)",0.00037902486,0
2040,3775,0,"(2040, 3775)",0.001933454,0
3494,4924,0,"(3494, 4924)",0.009049849,0
304,4781,0,"(304, 4781)",0.0018740125,0
296,1015,0,"(296, 1015)",0.0044099437,0
3133,3778,0,"(3133, 3778)",0.3950237,0
1510,3222,0,"(1510, 3222)",0.038809888,0
105,4535,0,"(105, 4535)",0.08517851,0
2693,3275,0,"(2693, 3275)",0.030564241,0
366,2509,0,"(366, 2509)",0.0027328897,0
1391,2440,0,"(1391, 2440)",0.00246328,0
425,2486,0,"(425, 2486)",0.0003147964,0
3981,4181,0,"(3981, 4181)",0.0009534269,0
73,1665,0,"(73, 1665)",0.04418766,0
1493,4282,0,"(1493, 4282)",0.19327085,0
230,3796,0,"(230, 3796)",0.0018111642,0
254,1997,0,"(254, 1997)",0.19725871,0
1558,3162,0,"(1558, 3162)",0.012671523,0
1191,3659,0,"(1191, 3659)",0.03296941,0
2056,4779,0,"(2056, 4779)",0.00024284843,0
4510,4937,0,"(4510, 4937)",0.0020250587,0
3819,4894,0,"(3819, 4894)",0.002488844,0
347,3483,0,"(347, 3483)",0.011443114,0
3170,4325,0,"(3170, 4325)",0.001632071,0
2160,3329,0,"(2160, 3329)",0.04030026,0
2784,4428,0,"(2784, 4428)",0.07048395,0
3476,3668,0,"(3476, 3668)",0.04087557,0
1336,2272,0,"(1336, 2272)",0.062187262,0
978,1957,0,"(978, 1957)",0.0022575862,0
1228,1290,0,"(1228, 1290)",0.011848369,0
3170,3635,0,"(3170, 3635)",0.00059268175,0
839,4092,0,"(839, 4092)",0.027618904,0
559,4805,0,"(559, 4805)",0.0023603668,0
1268,3566,0,"(1268, 3566)",0.0007932168,0
1336,2886,0,"(1336, 2886)",0.2294465,0
3060,3284,0,"(3060, 3284)",0.09930051,0
2898,4408,0,"(2898, 4408)",0.007534462,0
1006,1606,0,"(1006, 1606)",0.0006547709,0
1507,3787,0,"(1507, 3787)",0.00030702422,0
1266,3412,0,"(1266, 3412)",0.008226374,0
2265,3791,0,"(2265, 3791)",0.0052099316,0
149,345,0,"(149, 345)",0.0035431061,0
1153,3905,0,"(1153, 3905)",0.054697566,0
587,1172,0,"(587, 1172)",0.0034205853,0
2062,4074,0,"(2062, 4074)",0.0022014189,0
2337,2541,0,"(2337, 2541)",0.005641475,0
1410,3944,0,"(1410, 3944)",0.006348194,0
3630,3956,0,"(3630, 3956)",0.0016921139,0
374,2673,0,"(374, 2673)",0.51515585,1
2735,4019,0,"(2735, 4019)",0.28621882,0
2722,3116,0,"(2722, 3116)",0.0057718097,0
3668,4248,0,"(3668, 4248)",0.0053061186,0
4781,4806,0,"(4781, 4806)",0.21211599,0
3000,3660,0,"(3000, 3660)",0.00074220786,0
1105,1395,0,"(1105, 1395)",0.07862856,0
3151,4926,0,"(3151, 4926)",0.0073632183,0
485,3593,0,"(485, 3593)",0.0013043054,0
2730,4834,0,"(2730, 4834)",0.049120743,0
1242,2294,0,"(1242, 2294)",0.0033367928,0
3742,4534,0,"(3742, 4534)",0.0064935433,0
91,174,0,"(91, 174)",0.018693712,0
942,1979,0,"(942, 1979)",0.0015219455,0
2359,2977,0,"(2359, 2977)",0.0051619294,0
153,3812,0,"(153, 3812)",0.09684186,0
1787,3769,0,"(1787, 3769)",0.025282783,0
249,4360,0,"(249, 4360)",0.010954952,0
436,1216,0,"(436, 1216)",0.11371771,0
896,4634,0,"(896, 4634)",0.009448372,0
138,4170,0,"(138, 4170)",0.007202522,0
3607,4218,0,"(3607, 4218)",0.07423054,0
3592,4119,0,"(3592, 4119)",0.0025586868,0
791,3005,0,"(791, 3005)",0.0018554863,0
336,3223,0,"(336, 3223)",0.43385217,0
3492,4593,0,"(3492, 4593)",0.40041372,0
3192,3782,0,"(3192, 3782)",0.006891103,0
1902,2769,0,"(1902, 2769)",0.0034008536,0
2983,3565,0,"(2983, 3565)",0.0022289082,0
2388,2465,0,"(2388, 2465)",0.00043072808,0
1145,4790,0,"(1145, 4790)",0.07797699,0
3432,3905,0,"(3432, 3905)",0.038775954,0
1088,4010,0,"(1088, 4010)",0.004520777,0
1341,3805,0,"(1341, 3805)",0.048730027,0
599,1449,0,"(599, 1449)",0.24967915,0
1271,2589,0,"(1271, 2589)",0.020024385,0
3341,3804,0,"(3341, 3804)",0.004597893,0
2374,3423,0,"(2374, 3423)",0.008656224,0
1065,3893,0,"(1065, 3893)",0.00275125,0
1056,2489,0,"(1056, 2489)",0.001119439,0
715,3996,0,"(715, 3996)",0.002098792,0
1507,2148,0,"(1507, 2148)",0.23532775,0
2401,3667,0,"(2401, 3667)",0.0014510723,0
2414,4235,0,"(2414, 4235)",0.0019815285,0
2615,4744,0,"(2615, 4744)",0.012483661,0
42,3022,0,"(42, 3022)",0.021158546,0
2150,2547,0,"(2150, 2547)",0.15488936,0
59,2587,0,"(59, 2587)",0.00063080894,0
1774,2198,0,"(1774, 2198)",0.0153336525,0
1577,2364,0,"(1577, 2364)",0.0028368211,0
3,407,0,"(3, 407)",0.16587295,0
1746,1852,0,"(1746, 1852)",0.0018233663,0
662,2313,0,"(662, 2313)",0.0048865094,0
116,2340,0,"(116, 2340)",0.09111589,0
1221,2953,0,"(1221, 2953)",0.0033813592,0
722,3761,0,"(722, 3761)",0.009932892,0
2902,3349,0,"(2902, 3349)",0.019736363,0
181,2960,0,"(181, 2960)",0.0013042265,0
1199,4044,0,"(1199, 4044)",0.0010927052,0
1866,4921,0,"(1866, 4921)",0.0067766956,0
3328,4559,0,"(3328, 4559)",0.022676563,0
67,4194,0,"(67, 4194)",0.07845506,0
3352,4419,0,"(3352, 4419)",0.00055089063,0
