src,dst,label,distance,edge,prob,predict_label
64,14,1,2.074448112406293,"(64, 14)",0.5008989,1
102,155,1,4.43286494704745,"(102, 155)",0.51250106,1
117,98,1,6.990722669996639,"(117, 98)",0.5259437,1
57,156,1,6.223648558486911,"(57, 156)",0.47567755,0
97,98,1,9.079466620032534,"(97, 98)",0.5013502,1
148,73,1,9.130929411352833,"(148, 73)",0.4920639,0
8,13,1,2.0629303226393896,"(8, 13)",0.5008989,1
27,22,1,3.5332682996458558,"(27, 22)",0.5104418,1
37,54,1,9.596722612324161,"(37, 54)",0.5045201,1
101,149,1,1.7115309396122091,"(101, 149)",0.6555196,1
47,156,1,4.0934213778351385,"(47, 156)",0.4741728,0
110,101,1,1.968523605408364,"(110, 101)",0.5024706,1
108,52,1,5.322736173149803,"(108, 52)",0.5189297,1
156,56,1,4.237238490157706,"(156, 56)",0.4644194,0
89,115,1,3.525633190847948,"(89, 115)",0.50614476,1
141,47,1,13.774595177088885,"(141, 47)",0.30761188,0
32,140,1,6.957830074583424,"(32, 140)",0.5259437,1
80,113,1,3.884054247759704,"(80, 113)",0.43350142,0
66,132,1,8.165078904324753,"(66, 132)",0.55421126,1
108,157,1,6.100444379418043,"(108, 157)",0.46343032,0
147,121,1,2.7908561034415302,"(147, 121)",0.4575803,0
166,151,1,6.50112910109741,"(166, 151)",0.5183424,1
129,101,1,11.770297451408474,"(129, 101)",0.4705324,0
152,151,1,6.543311068018414,"(152, 151)",0.50758517,1
136,16,1,12.191455905515022,"(136, 16)",0.3181588,0
66,101,1,8.130765160144035,"(66, 101)",0.55421126,1
107,69,1,7.212910801809263,"(107, 69)",0.48090464,0
143,166,1,10.785883800364251,"(143, 166)",0.49757215,0
81,73,1,13.397961541046454,"(81, 73)",0.4018695,0
132,84,1,4.9287443788608964,"(132, 84)",0.46021074,0
108,109,1,3.512266760313061,"(108, 109)",0.50614476,1
163,110,1,2.65268559812073,"(163, 110)",0.50263816,1
163,164,1,2.7305439460635625,"(163, 164)",0.5047236,1
158,126,1,13.515476788200445,"(158, 126)",0.4221528,0
35,13,1,6.617027942146295,"(35, 13)",0.48233855,0
126,22,1,4.829585371788883,"(126, 22)",0.4822366,0
161,130,1,15.968708804543033,"(161, 130)",0.4284438,0
130,160,1,8.309926737766727,"(130, 160)",0.5126772,1
130,132,1,3.906628252457243,"(130, 132)",0.4364245,0
126,119,1,7.784348116023363,"(126, 119)",0.5300287,1
80,163,1,3.0105854244829384,"(80, 163)",0.51681554,1
117,67,1,4.577424501936443,"(117, 67)",0.4852207,0
136,85,1,13.18474785602532,"(136, 85)",0.39137712,0
78,14,1,3.6688085168427964,"(78, 14)",0.47558537,0
83,154,1,5.596896735495927,"(83, 154)",0.57300645,1
94,80,1,12.33999045002457,"(94, 80)",0.35340098,0
41,14,1,10.491318390606176,"(41, 14)",0.46728778,0
113,101,1,3.4759008312289663,"(113, 101)",0.5342183,1
158,130,1,14.189567568396802,"(158, 130)",0.3167109,0
32,55,1,10.81005776173731,"(32, 55)",0.49757215,0
108,63,1,4.867421401568301,"(108, 63)",0.4677668,0
117,143,1,15.421458389672685,"(117, 143)",0.4284438,0
151,156,1,1.190057083347252,"(151, 156)",0.7038298,1
119,22,1,2.9615789922782287,"(119, 22)",0.43077573,0
39,155,1,6.8292249814725565,"(39, 155)",0.46152854,0
84,69,1,7.7529341029941765,"(84, 69)",0.55527246,1
83,85,1,3.4487280273312417,"(83, 85)",0.5413048,1
19,148,1,16.74760471414067,"(19, 148)",0.4284438,0
132,88,1,1.9061671321161768,"(132, 88)",0.63780636,1
118,52,1,3.2627182175089047,"(118, 52)",0.4359417,0
97,121,1,9.905030179260887,"(97, 121)",0.41906452,0
97,150,1,13.791876030473324,"(97, 150)",0.30761188,0
126,145,1,5.064562297903026,"(126, 145)",0.52484244,1
136,78,1,15.182753912448213,"(136, 78)",0.4284438,0
156,22,1,0.6808559828546735,"(156, 22)",0.7038298,1
64,110,1,1.3344020352569723,"(64, 110)",0.7038298,1
132,151,1,3.119674199289743,"(132, 151)",0.5220322,1
141,56,1,5.83063422169394,"(141, 56)",0.49327934,0
17,124,1,7.648647009741868,"(17, 124)",0.5156648,1
50,51,1,2.4365997683791143,"(50, 51)",0.55114275,1
60,108,1,13.526244458678589,"(60, 108)",0.4221528,0
161,141,1,18.466686734158166,"(161, 141)",0.4284438,0
150,98,1,7.317161196232933,"(150, 98)",0.49123925,0
81,132,1,7.692148381340617,"(81, 132)",0.533653,1
135,143,1,5.831250771154119,"(135, 143)",0.49327934,0
141,58,1,5.597550614319338,"(141, 58)",0.57300645,1
57,137,1,8.216552104520744,"(57, 137)",0.5465562,1
102,36,1,7.493728218132098,"(102, 36)",0.51595473,1
112,34,1,11.643282089040413,"(112, 34)",0.4210228,0
136,47,1,12.252069330010409,"(136, 47)",0.32444605,0
69,163,1,3.1253791844486614,"(69, 163)",0.5220322,1
19,153,1,10.644004183242592,"(19, 153)",0.5071016,1
163,153,1,1.336711927429385,"(163, 153)",0.7038298,1
152,149,1,8.161581364008168,"(152, 149)",0.55421126,1
136,103,1,12.240061392130457,"(136, 103)",0.3181588,0
83,153,1,7.141387538992968,"(83, 153)",0.48551592,0
142,89,1,8.096057978005406,"(142, 89)",0.55421126,1
45,88,1,1.9888576489356584,"(45, 88)",0.4886301,0
17,161,1,19.4872601281728,"(17, 161)",0.4284438,0
128,164,1,3.0098773831312533,"(128, 164)",0.47627977,0
90,141,1,17.401767946685084,"(90, 141)",0.4284438,0
163,14,1,1.1005497652668657,"(163, 14)",0.7038298,1
105,95,1,9.07132909267971,"(105, 95)",0.5013502,1
33,85,1,11.121193421292135,"(33, 85)",0.53129154,1
130,85,1,8.189720798590479,"(130, 85)",0.5465562,1
82,101,1,6.118352006353807,"(82, 101)",0.47970012,0
54,56,1,2.2528364693576908,"(54, 56)",0.5911907,1
82,64,1,6.966649160586561,"(82, 64)",0.5259437,1
27,163,1,2.1958317776596727,"(27, 163)",0.56828654,1
132,113,1,4.9229327395869555,"(132, 113)",0.46021074,0
127,74,1,0.8286544754751164,"(127, 74)",0.7038298,1
123,137,1,5.5098507877315255,"(123, 137)",0.5176252,1
135,101,1,6.722060718132948,"(135, 101)",0.43779904,0
152,13,1,9.52000823289,"(152, 13)",0.4811358,0
37,73,1,12.24988975276094,"(37, 73)",0.32444605,0
50,134,1,3.0613644810616547,"(50, 134)",0.55580145,1
95,61,1,5.44453080343585,"(95, 61)",0.5026263,1
17,134,1,5.4187336638496015,"(17, 134)",0.50623864,1
108,95,1,7.053279518045487,"(108, 95)",0.5259437,1
85,54,1,4.106969791209202,"(85, 54)",0.4741728,0
60,64,1,10.881805084657797,"(60, 64)",0.4930736,0
72,28,1,3.4466124771772217,"(72, 28)",0.5413048,1
83,127,1,7.6011773986890265,"(83, 127)",0.5156648,1
80,103,1,5.628620091390514,"(80, 103)",0.52996755,1
60,128,1,7.362636154936514,"(60, 128)",0.49123925,0
17,88,1,7.8287088817968495,"(17, 88)",0.5076936,1
47,49,1,9.592366970522939,"(47, 49)",0.5045201,1
11,98,1,7.625691691403563,"(11, 98)",0.5156648,1
148,161,1,3.451805233982561,"(148, 161)",0.5413048,1
146,164,1,9.064860735976273,"(146, 164)",0.5013502,1
17,117,1,13.784665362821865,"(17, 117)",0.30761188,0
130,113,1,8.825281646001477,"(130, 113)",0.515836,1
129,85,1,12.501648706534992,"(129, 85)",0.34543717,0
89,31,1,2.7474218255928653,"(89, 31)",0.4820946,0
39,45,1,8.701154134506126,"(39, 45)",0.51668245,1
119,52,1,4.083969231706464,"(119, 52)",0.4741728,0
97,155,1,9.109365169054554,"(97, 155)",0.5056543,1
82,35,1,9.165500291087683,"(82, 35)",0.45942864,0
55,58,1,2.4923445205165766,"(55, 58)",0.55466115,1
55,22,1,3.809337577730291,"(55, 22)",0.4574359,0
148,69,1,5.738866470684326,"(148, 69)",0.505072,1
130,116,1,7.176975513996136,"(130, 116)",0.48551592,0
156,34,1,1.322287742139323,"(156, 34)",0.7038298,1
143,22,1,8.229993749870424,"(143, 22)",0.55376667,1
47,118,1,4.3314935811662325,"(47, 118)",0.4284945,0
69,103,1,6.685409326184356,"(69, 103)",0.45740038,0
91,130,1,5.093385823892894,"(91, 130)",0.52484244,1
39,16,1,5.3451507791170725,"(39, 16)",0.51394993,1
73,111,1,7.667409957808767,"(73, 111)",0.533653,1
108,84,1,2.607740358384078,"(108, 84)",0.5574637,1
19,123,1,5.621030209148255,"(19, 123)",0.52996755,1
85,121,1,3.135508811943928,"(85, 121)",0.5220322,1
73,154,1,4.7529942734055375,"(73, 154)",0.5040379,1
47,111,1,9.263031422629052,"(47, 111)",0.46360704,0
117,58,1,4.751851287092666,"(117, 58)",0.5040379,1
166,85,1,7.348382235671702,"(166, 85)",0.49123925,0
27,145,1,4.2704482091621365,"(27, 145)",0.43390566,0
130,144,1,3.9366486835898615,"(130, 144)",0.42989218,0
117,166,1,7.5246358332828995,"(117, 166)",0.5513498,1
97,153,1,11.131075407030373,"(97, 153)",0.53129154,1
89,125,1,4.292351811844502,"(89, 125)",0.43390566,0
18,98,1,2.641008362973666,"(18, 98)",0.50263816,1
77,92,1,8.01760620228043,"(77, 92)",0.49552032,0
155,156,1,2.546715454919311,"(155, 156)",0.5568759,1
108,132,1,3.9262469676302834,"(108, 132)",0.43276483,0
158,11,1,6.841139302941069,"(158, 11)",0.46152854,0
105,152,1,13.853352225338275,"(105, 152)",0.31357762,0
17,125,1,7.523813668345941,"(17, 125)",0.5513498,1
94,127,1,6.046108774536632,"(94, 127)",0.47523215,0
94,61,1,9.294328626989504,"(94, 61)",0.490127,0
152,35,1,4.6096214525007095,"(152, 35)",0.48758912,0
150,165,1,8.390207258960823,"(150, 165)",0.48741227,0
86,164,1,4.31293689550286,"(86, 164)",0.4302491,0
65,108,1,12.154390094480405,"(65, 108)",0.3181588,0
73,28,1,7.825911076714316,"(73, 28)",0.5076936,1
133,85,1,12.490703047393485,"(133, 85)",0.34543717,0
47,145,1,5.4618360666091545,"(47, 145)",0.5026263,1
62,80,1,14.224550147280707,"(62, 80)",0.44683555,0
166,56,1,3.4478302100777296,"(166, 56)",0.5413048,1
121,67,1,5.96154504052606,"(121, 67)",0.4947043,0
105,30,1,17.84452156875101,"(105, 30)",0.4284438,0
35,154,1,2.73325596990421,"(35, 154)",0.49447685,0
83,163,1,5.975835042897352,"(83, 163)",0.48932043,0
144,47,1,13.26097880997306,"(144, 47)",0.39137712,0
132,25,1,1.9203916950937372,"(132, 25)",0.62132883,1
119,145,1,2.9474884158730728,"(119, 145)",0.41922092,0
148,66,1,11.858608577932134,"(148, 66)",0.43249673,0
45,36,1,6.763553852367947,"(45, 36)",0.43779904,0
77,165,1,8.299616526387284,"(77, 165)",0.52332425,1
66,118,1,11.263712934328439,"(66, 118)",0.45873967,0
110,52,1,3.032393789392512,"(110, 52)",0.53368425,1
82,154,1,6.432888870727153,"(82, 154)",0.48982537,0
110,121,1,3.206993127124689,"(110, 121)",0.4359417,0
117,22,1,7.692666678938133,"(117, 22)",0.533653,1
150,126,1,10.15520633585404,"(150, 126)",0.42637712,0
39,69,1,13.325218318782005,"(39, 69)",0.4018695,0
129,66,1,6.550690723654497,"(129, 66)",0.5059021,1
77,89,1,12.103118289289114,"(77, 89)",0.33849356,0
112,54,1,13.551593926297778,"(112, 54)",0.4221528,0
57,165,1,12.248672585357776,"(57, 165)",0.32444605,0
11,89,1,13.711908884264705,"(11, 89)",0.30761188,0
62,95,1,5.909487982403975,"(62, 95)",0.48498327,0
17,152,1,14.174458696605178,"(17, 152)",0.3167109,0
11,110,1,8.8877742647024,"(11, 110)",0.515836,1
97,163,1,9.807713152030326,"(97, 163)",0.4989215,0
41,127,1,11.53030834544176,"(41, 127)",0.45032808,0
19,36,1,14.014694357286684,"(19, 36)",0.30823222,0
91,151,1,7.593119087271731,"(91, 151)",0.5156648,1
162,42,1,9.579020375662692,"(162, 42)",0.47787553,0
82,78,1,4.392250999501846,"(82, 78)",0.44773763,0
37,67,1,9.50949985525662,"(37, 67)",0.4889158,0
95,99,1,7.3215674638597665,"(95, 99)",0.49123925,0
113,98,1,2.6279253672022413,"(113, 98)",0.5068919,1
133,164,1,10.331207773578694,"(133, 164)",0.4572299,0
81,55,1,5.154762269254023,"(81, 55)",0.46660823,0
141,84,1,7.818555599215637,"(141, 84)",0.5076936,1
137,3,1,6.576239474207465,"(137, 3)",0.50021076,1
148,143,1,13.018931052007401,"(148, 143)",0.39137712,0
11,73,1,8.84369220586627,"(11, 73)",0.515836,1
90,119,1,8.378947839910259,"(90, 119)",0.48741227,0
152,56,1,9.565268753132123,"(152, 56)",0.47787553,0
119,154,1,2.7752281386424413,"(119, 154)",0.47849354,0
52,63,1,0.4942903022799625,"(52, 63)",0.7038298,1
77,108,1,6.791392044029852,"(77, 108)",0.45299557,0
66,163,1,7.635570470752378,"(66, 163)",0.5156648,1
112,22,1,11.571924644870933,"(112, 22)",0.45032808,0
89,137,1,8.280426173373494,"(89, 137)",0.52332425,1
60,67,1,6.423732937534701,"(60, 67)",0.48982537,0
95,16,1,1.7234193453007955,"(95, 16)",0.6508453,1
56,101,1,2.8722987376528235,"(56, 101)",0.43979695,0
148,52,1,6.757103707678581,"(148, 52)",0.43779904,0
58,157,1,2.6358631206741547,"(58, 157)",0.50263816,1
18,61,1,2.2906784765839467,"(18, 61)",0.5862679,1
30,145,1,8.047322827954957,"(30, 145)",0.49552032,0
161,35,1,10.413347978461225,"(161, 35)",0.45091045,0
136,33,1,21.1377596000262,"(136, 33)",0.4284438,0
105,112,1,20.13232345261724,"(105, 112)",0.4284438,0
135,18,1,4.587805891995411,"(135, 18)",0.4852207,0
47,151,1,5.131209273229125,"(47, 151)",0.52484244,1
132,140,1,2.2844553965216754,"(132, 140)",0.5862679,1
150,151,1,7.7978118311685884,"(150, 151)",0.51166314,1
37,72,1,8.990847635716118,"(37, 72)",0.51841134,1
91,89,1,7.396411188917553,"(91, 89)",0.49123925,0
94,151,1,9.505586766535997,"(94, 151)",0.4889158,0
162,147,1,4.904338293262441,"(162, 147)",0.46021074,0
135,151,1,7.11670404983803,"(135, 151)",0.48551592,0
37,95,1,11.834367326230845,"(37, 95)",0.4705324,0
166,8,1,5.977196898327002,"(166, 8)",0.48932043,0
17,32,1,5.716568939240736,"(17, 32)",0.505072,1
86,119,1,4.468837711855408,"(86, 119)",0.5004914,1
39,28,1,5.073703553473538,"(39, 28)",0.52484244,1
129,11,1,9.16237118392316,"(129, 11)",0.47777495,0
37,64,1,9.237730652801387,"(37, 64)",0.46360704,0
73,58,1,9.517136953169251,"(73, 58)",0.4889158,0
45,52,1,4.476816403681687,"(45, 52)",0.5004914,1
11,138,1,12.120451669296534,"(11, 138)",0.3328517,0
142,73,1,5.664726917047774,"(142, 73)",0.52996755,1
117,44,1,2.286963205378324,"(117, 44)",0.5862679,1
108,54,1,8.27005162627011,"(108, 54)",0.52332425,1
35,50,1,6.3186437841867615,"(35, 50)",0.5094378,1
32,95,1,7.283849362875744,"(32, 95)",0.49123925,0
136,126,1,15.865503561862669,"(136, 126)",0.4284438,0
56,140,1,1.9246750433182243,"(56, 140)",0.62132883,1
161,101,1,10.68728634964467,"(161, 101)",0.49346024,0
32,149,1,9.266613221271832,"(32, 149)",0.46360704,0
143,83,1,12.920250786864626,"(143, 83)",0.40219945,0
60,143,1,17.28075936119377,"(60, 143)",0.4284438,0
33,154,1,12.667345866055152,"(33, 154)",0.35283,0
45,126,1,8.505778795964346,"(45, 126)",0.48741227,0
112,65,1,18.612726381854827,"(112, 65)",0.4284438,0
105,89,1,12.309712367941435,"(105, 89)",0.35340098,0
81,164,1,8.66061556323204,"(81, 164)",0.49915338,0
77,45,1,8.859756332496051,"(77, 45)",0.515836,1
60,140,1,8.385812777123654,"(60, 140)",0.48741227,0
98,164,1,2.1750638530811437,"(98, 164)",0.56828654,1
150,107,1,8.185094617655432,"(150, 107)",0.5465562,1
130,44,1,9.412617895876249,"(130, 44)",0.48118424,0
14,72,1,2.2158260238890555,"(14, 72)",0.5911907,1
116,50,1,2.933251170033831,"(116, 50)",0.41922092,0
130,15,1,4.551692818266718,"(130, 15)",0.49184018,0
13,74,1,4.766174769099963,"(13, 74)",0.4822366,0
36,155,1,3.648755424002149,"(36, 155)",0.48856202,0
47,36,1,3.0408842005497507,"(47, 36)",0.53368425,1
45,116,1,6.684029761138186,"(45, 116)",0.45740038,0
84,164,1,5.163802261907837,"(84, 164)",0.46660823,0
17,47,1,14.202033926633156,"(17, 47)",0.3167109,0
36,13,1,5.104806703460792,"(36, 13)",0.52484244,1
45,49,1,4.092447920065689,"(45, 49)",0.4741728,0
41,89,1,16.628067442122592,"(41, 89)",0.4284438,0
135,89,1,10.039565328194222,"(135, 89)",0.42637712,0
151,61,1,0.8678372350907719,"(151, 61)",0.7038298,1
150,35,1,4.6068652038588045,"(150, 35)",0.48758912,0
47,103,1,6.908036478816419,"(47, 103)",0.46846956,0
128,3,1,1.6592555693963598,"(128, 3)",0.65648615,1
127,154,1,2.8867363717368097,"(127, 154)",0.44366387,0
45,166,1,5.614537141118575,"(45, 166)",0.5668286,1
44,164,1,6.5684123232404525,"(44, 164)",0.50021076,1
19,108,1,7.281143142197435,"(19, 108)",0.49123925,0
30,55,1,11.57966928788612,"(30, 55)",0.45032808,0
97,45,1,13.602941744113453,"(97, 45)",0.402306,0
105,81,1,5.8770159259876475,"(105, 81)",0.48498327,0
62,110,1,11.16854445548093,"(62, 110)",0.53129154,1
89,50,1,3.2080967585383866,"(89, 50)",0.4359417,0
112,73,1,8.97140866816987,"(112, 73)",0.51841134,1
30,143,1,4.288976689564247,"(30, 143)",0.43390566,0
150,86,1,5.377694591277765,"(150, 86)",0.5082629,1
83,128,1,2.8602745316142184,"(83, 128)",0.43979695,0
77,152,1,4.743522782160112,"(77, 152)",0.5040379,1
136,153,1,9.471554977918492,"(136, 153)",0.4873557,0
82,156,1,5.812210096938803,"(82, 156)",0.49327934,0
65,61,1,7.3849092114783295,"(65, 61)",0.49123925,0
126,52,1,4.03657624678656,"(126, 52)",0.47840905,0
37,85,1,6.892903599414451,"(37, 85)",0.46846956,0
65,27,1,9.103201734824056,"(65, 27)",0.5056543,1
39,164,1,8.368425321148804,"(39, 164)",0.48741227,0
135,52,1,7.442720414517933,"(135, 52)",0.50124264,1
73,89,1,7.7815551438453365,"(73, 89)",0.55527246,1
18,22,1,1.8864396987258425,"(18, 22)",0.63661003,1
105,118,1,7.376218935203384,"(105, 118)",0.49123925,0
151,101,1,1.2006455644015377,"(151, 101)",0.7038298,1
140,101,1,3.9991095146217153,"(140, 101)",0.45486718,0
32,73,1,13.616686145661433,"(32, 73)",0.402306,0
57,113,1,4.076182626606652,"(57, 113)",0.47153348,0
90,153,1,6.9352043747163306,"(90, 153)",0.5259437,1
142,117,1,16.255583024761847,"(142, 117)",0.4284438,0
3,8,1,2.814467643702816,"(3, 8)",0.43561986,0
152,141,1,14.626863308512444,"(152, 141)",0.44071245,0
112,141,1,9.502647567294046,"(112, 141)",0.4889158,0
56,72,1,2.7906124073980703,"(56, 72)",0.4575803,0
133,56,1,13.511363998158734,"(133, 56)",0.4221528,0
156,165,1,6.153766578998859,"(156, 165)",0.47970012,0
47,166,1,11.616517182338288,"(47, 166)",0.4210228,0
62,35,1,13.157066468497383,"(62, 35)",0.39137712,0
107,56,1,7.853359387739795,"(107, 56)",0.5076936,1
78,42,1,6.282750817565549,"(78, 42)",0.5000234,1
36,53,0,7.0792210735092675,"(36, 53)",0.48966214,0
12,142,0,7.234877282001745,"(12, 142)",0.48090464,0
6,131,0,12.492788734671176,"(6, 131)",0.34543717,0
145,159,0,3.465702222935661,"(145, 159)",0.5342183,1
70,135,0,8.610489777614331,"(70, 135)",0.4805749,0
104,113,0,4.863120744911137,"(104, 113)",0.4822366,0
7,11,0,7.793981018278275,"(7, 11)",0.5196142,1
34,117,0,6.933300962143209,"(34, 117)",0.5259437,1
12,148,0,9.168070618052257,"(12, 148)",0.45942864,0
96,107,0,5.395292002234564,"(96, 107)",0.50623864,1
15,91,0,5.618809463654144,"(15, 91)",0.52996755,1
49,133,0,13.68645259940022,"(49, 133)",0.30761188,0
10,36,0,9.918509905746767,"(10, 36)",0.41906452,0
10,157,0,16.609727224917904,"(10, 157)",0.4284438,0
35,162,0,6.475726919028619,"(35, 162)",0.5111459,1
7,121,0,11.48829550887065,"(7, 121)",0.48279232,0
40,141,0,12.533064495188466,"(40, 141)",0.34543717,0
16,86,0,7.357165477675003,"(16, 86)",0.49123925,0
129,134,0,13.008340976190071,"(129, 134)",0.39137712,0
10,138,0,17.903966250394895,"(10, 138)",0.4284438,0
19,105,0,21.35487452806192,"(19, 105)",0.4284438,0
25,29,0,1.3595287061345365,"(25, 29)",0.7038298,1
99,167,0,10.991059194594152,"(99, 167)",0.50381136,1
67,77,0,12.30570630991642,"(67, 77)",0.35340098,0
83,146,0,11.26582491317204,"(83, 146)",0.45873967,0
76,136,0,21.120121488672645,"(76, 136)",0.4284438,0
96,115,0,2.1472457811480856,"(96, 115)",0.56828654,1
9,60,0,7.589311421404465,"(9, 60)",0.5156648,1
67,163,0,5.2009686183099575,"(67, 163)",0.46660823,0
80,88,0,5.93300930680355,"(80, 88)",0.4947043,0
89,106,0,8.465043014867438,"(89, 106)",0.48741227,0
35,42,0,3.3907650432599836,"(35, 42)",0.5271162,1
39,41,0,20.268955211789716,"(39, 41)",0.4284438,0
54,144,0,7.631762412136514,"(54, 144)",0.5156648,1
24,114,0,3.4513842607298173,"(24, 114)",0.5413048,1
2,24,0,7.4035597838938925,"(2, 24)",0.49123925,0
4,12,0,4.269894920602765,"(4, 12)",0.43390566,0
12,142,0,7.234877282001745,"(12, 142)",0.48090464,0
5,79,0,6.3902992366318525,"(5, 79)",0.5027366,1
120,157,0,3.1298847376479038,"(120, 157)",0.5220322,1
106,156,0,1.9704834402436044,"(106, 156)",0.4886301,0
39,99,0,3.737236271463293,"(39, 99)",0.4606161,0
5,31,0,8.539819007977286,"(5, 31)",0.4828305,0
46,128,0,6.211974306333921,"(46, 128)",0.47567755,0
60,148,0,12.190415885239565,"(60, 148)",0.3181588,0
75,77,0,10.275223607737646,"(75, 77)",0.4572299,0
102,123,0,10.957210523974853,"(102, 123)",0.48124337,0
19,158,0,13.618946393563563,"(19, 158)",0.402306,0
131,148,0,12.332933258553725,"(131, 148)",0.35340098,0
9,42,0,2.7578471245812035,"(9, 42)",0.47849354,0
31,158,0,13.7283639590125,"(31, 158)",0.30761188,0
41,75,0,15.28340123027718,"(41, 75)",0.4284438,0
13,84,0,7.865927092695442,"(13, 84)",0.5076936,1
18,166,0,7.627575210541893,"(18, 166)",0.5156648,1
99,167,0,10.991059194594152,"(99, 167)",0.50381136,1
33,70,0,12.646416687672826,"(33, 70)",0.35283,0
13,135,0,9.779644499492305,"(13, 135)",0.4989215,0
139,157,0,5.028614119511661,"(139, 157)",0.52703136,1
135,160,0,6.3805160601557285,"(135, 160)",0.5027366,1
2,34,0,3.1653457680362784,"(2, 34)",0.50763834,1
95,154,0,5.979339740068682,"(95, 154)",0.48932043,0
95,114,0,5.4146435545480145,"(95, 114)",0.50623864,1
122,163,0,5.619256933288024,"(122, 163)",0.52996755,1
128,146,0,9.269907932875356,"(128, 146)",0.46360704,0
106,114,0,2.2602493712164478,"(106, 114)",0.5911907,1
75,109,0,4.417341920643357,"(75, 109)",0.51250106,1
33,114,0,11.954091391526678,"(33, 114)",0.42991275,0
16,117,0,7.476119601646996,"(16, 117)",0.50124264,1
105,141,0,12.716557287151456,"(105, 141)",0.38460472,0
30,159,0,7.596323311505118,"(30, 159)",0.5156648,1
70,116,0,7.240675869685428,"(70, 116)",0.48090464,0
20,116,0,5.8208720433235825,"(20, 116)",0.49327934,0
151,158,0,11.686882813161779,"(151, 158)",0.4210228,0
40,94,0,5.383667108832476,"(40, 94)",0.5082629,1
22,146,0,10.599582569772478,"(22, 146)",0.5052995,1
113,117,0,4.511980734912092,"(113, 117)",0.48958528,0
42,71,0,9.699470905550484,"(42, 71)",0.4989215,0
120,149,0,1.6076608032731912,"(120, 149)",0.7038298,1
5,123,0,8.426390549571888,"(5, 123)",0.48741227,0
120,160,0,3.6818605221741056,"(120, 160)",0.47558537,0
100,120,0,4.9881111116552,"(100, 120)",0.5333326,1
116,138,0,7.800231117576202,"(116, 138)",0.51166314,1
100,116,0,6.582627608445804,"(100, 116)",0.50021076,1
21,100,0,0.94657862957121,"(21, 100)",0.7038298,1
76,85,0,11.108844471014613,"(76, 85)",0.53129154,1
10,100,0,18.346702172601184,"(10, 100)",0.4284438,0
141,147,0,12.011934296028345,"(141, 147)",0.42991275,0
43,143,0,16.061200778632017,"(43, 143)",0.4284438,0
81,108,0,11.61509193018932,"(81, 108)",0.4210228,0
19,26,0,12.045879234872837,"(19, 26)",0.42203605,0
50,88,0,3.7417059329404982,"(50, 88)",0.4606161,0
92,109,0,4.2799007444422505,"(92, 109)",0.43390566,0
50,82,0,6.059063485335254,"(50, 82)",0.4698219,0
44,91,0,12.221668208328063,"(44, 91)",0.3181588,0
28,70,0,4.8353301042862755,"(28, 70)",0.4822366,0
34,104,0,3.4079011435017983,"(34, 104)",0.5413048,1
21,31,0,1.2755808989828603,"(21, 31)",0.7038298,1
50,67,0,1.8625616426409008,"(50, 67)",0.64157605,1
90,112,0,16.584074829969648,"(90, 112)",0.4284438,0
62,78,0,14.21587446205809,"(62, 78)",0.44683555,0
7,73,0,15.7853440447,"(7, 73)",0.4284438,0
26,100,0,7.4569021374424285,"(26, 100)",0.50124264,1
58,135,0,11.06082929656876,"(58, 135)",0.5268071,1
7,64,0,13.13749646568033,"(7, 64)",0.39137712,0
15,25,0,1.9478735447523898,"(15, 25)",0.62132883,1
13,92,0,6.994451130812224,"(13, 92)",0.5259437,1
111,148,0,10.552279179182163,"(111, 148)",0.5000469,1
56,64,0,4.228888144860055,"(56, 64)",0.46915948,0
9,14,0,2.7643022857672364,"(9, 14)",0.47849354,0
19,116,0,14.467345654820075,"(19, 116)",0.4609105,0
47,81,0,12.281029978456436,"(47, 81)",0.35340098,0
36,158,0,10.37843857049359,"(36, 158)",0.4572299,0
29,49,0,4.4617279273986235,"(29, 49)",0.5004914,1
120,138,0,5.268973008890953,"(120, 138)",0.50809973,1
51,52,0,2.156786126064937,"(51, 52)",0.56828654,1
67,119,0,6.289316535443008,"(67, 119)",0.5047783,1
116,139,0,7.77756710749589,"(116, 139)",0.55527246,1
23,96,0,4.946695785739052,"(23, 96)",0.46021074,0
25,84,0,3.0914311368493936,"(25, 84)",0.55580145,1
122,158,0,13.690235537235065,"(122, 158)",0.30761188,0
8,53,0,4.100257748718041,"(8, 53)",0.4741728,0
128,153,0,5.027939569767052,"(128, 153)",0.52703136,1
13,138,0,6.521405345014562,"(13, 138)",0.5183424,1
4,70,0,7.571016726767027,"(4, 70)",0.5156648,1
45,71,0,11.219485442604078,"(45, 71)",0.45873967,0
50,75,0,4.634805370674021,"(50, 75)",0.52350086,1
56,64,0,4.228888144860055,"(56, 64)",0.46915948,0
7,15,0,14.416084820696113,"(7, 15)",0.44683555,0
122,164,0,2.90526029287788,"(122, 164)",0.41922092,0
12,75,0,2.982613618253588,"(12, 75)",0.45949447,0
152,158,0,5.317416630759338,"(152, 158)",0.5189297,1
10,155,0,12.93958761828591,"(10, 155)",0.39137712,0
10,110,0,14.469659150488036,"(10, 110)",0.4609105,0
66,105,0,18.136897700917366,"(66, 105)",0.4284438,0
6,89,0,13.673556618801339,"(6, 89)",0.30761188,0
46,133,0,18.371064616833984,"(46, 133)",0.4284438,0
38,84,0,9.190641529040386,"(38, 84)",0.46360704,0
95,134,0,3.832689999028106,"(95, 134)",0.4547249,0
38,118,0,1.6160291765253008,"(38, 118)",0.69644743,1
12,85,0,4.704066391912132,"(12, 85)",0.5040379,1
56,125,0,3.9231414876816415,"(56, 125)",0.43276483,0
29,119,0,3.611326677630937,"(29, 119)",0.5130846,1
14,139,0,6.841124794675486,"(14, 139)",0.46152854,0
115,153,0,4.2432447996092435,"(115, 153)",0.4644194,0
10,70,0,19.049199007504143,"(10, 70)",0.4284438,0
141,142,0,10.770022990205591,"(141, 142)",0.49757215,0
61,162,0,8.789417718860992,"(61, 162)",0.5061246,1
2,47,0,8.556786798169117,"(2, 47)",0.4828305,0
122,163,0,5.619256933288024,"(122, 163)",0.52996755,1
122,133,0,11.100150241024492,"(122, 133)",0.53129154,1
120,146,0,8.798829202160334,"(120, 146)",0.50884736,1
56,150,0,10.558299851933066,"(56, 150)",0.5000469,1
26,153,0,1.4248091651641637,"(26, 153)",0.7038298,1
144,150,0,13.907270829077888,"(144, 150)",0.31357762,0
39,79,0,8.069917553931269,"(39, 79)",0.55421126,1
95,114,0,5.4146435545480145,"(95, 114)",0.50623864,1
25,92,0,2.1286602359705125,"(25, 92)",0.5363522,1
7,108,0,16.510680665517246,"(7, 108)",0.4284438,0
14,25,0,5.257251488884652,"(14, 25)",0.50809973,1
28,112,0,10.285272124793677,"(28, 112)",0.4572299,0
37,99,0,15.142318682268279,"(37, 99)",0.4284438,0
139,163,0,6.12040818992338,"(139, 163)",0.47970012,0
146,158,0,19.603704549056488,"(146, 158)",0.4284438,0
27,35,0,3.3215855972282906,"(27, 35)",0.49237427,0
29,30,0,7.541534065940808,"(29, 30)",0.5156648,1
6,166,0,14.514925242698805,"(6, 166)",0.47433993,0
74,139,0,2.6864797782512806,"(74, 139)",0.5047407,1
53,118,0,6.7913015824685665,"(53, 118)",0.45299557,0
104,150,0,4.6113988037680045,"(104, 150)",0.48758912,0
46,120,0,6.711154778864383,"(46, 120)",0.43779904,0
77,88,0,8.133649313067416,"(77, 88)",0.55421126,1
23,43,0,7.722620722847473,"(23, 43)",0.55527246,1
9,32,0,11.262498784925654,"(9, 32)",0.45873967,0
58,159,0,5.569968626620795,"(58, 159)",0.57300645,1
16,110,0,4.343233405828902,"(16, 110)",0.4284945,0
58,78,0,7.715567138564744,"(58, 78)",0.53865176,1
72,167,0,4.639486591627391,"(72, 167)",0.52350086,1
102,144,0,7.234981559411815,"(102, 144)",0.48090464,0
2,13,0,2.0153458432301594,"(2, 13)",0.5008989,1
21,60,0,11.319043320827108,"(21, 60)",0.47677836,0
63,90,0,9.36713160761712,"(63, 90)",0.48647445,0
14,105,0,9.668612459131994,"(14, 105)",0.4989215,0
3,10,0,14.801363881496416,"(3, 10)",0.44071245,0
134,137,0,6.441477793731232,"(134, 137)",0.48982537,0
72,103,0,1.3707674325329315,"(72, 103)",0.7038298,1
14,142,0,10.652015227396038,"(14, 142)",0.5071016,1
1,20,0,3.2936253994727256,"(1, 20)",0.4502813,0
16,51,0,2.5355414886899807,"(16, 51)",0.5568759,1
109,131,0,5.720943520768683,"(109, 131)",0.505072,1
9,101,0,2.3169365516846008,"(9, 101)",0.62979877,1
72,153,0,3.0076646375926184,"(72, 153)",0.47627977,0
38,128,0,4.186157243736093,"(38, 128)",0.46915948,0
131,146,0,8.469037973742829,"(131, 146)",0.48741227,0
128,157,0,3.4526303674022127,"(128, 157)",0.5413048,1
21,79,0,1.3690032713657885,"(21, 79)",0.7038298,1
25,160,0,5.6601180926837245,"(25, 160)",0.52996755,1
8,104,0,4.599395535764437,"(8, 104)",0.48758912,0
131,144,0,7.14791380270466,"(131, 144)",0.48551592,0
51,102,0,5.8030356997424235,"(51, 102)",0.49327934,0
9,32,0,11.262498784925654,"(9, 32)",0.45873967,0
83,84,0,10.548771221539699,"(83, 84)",0.5000469,1
35,162,0,6.475726919028619,"(35, 162)",0.5111459,1
134,148,0,10.825955742615225,"(134, 148)",0.49757215,0
53,143,0,10.567572331822113,"(53, 143)",0.5000469,1
28,121,0,6.561086977133324,"(28, 121)",0.50021076,1
6,44,0,12.053561897528546,"(6, 44)",0.42203605,0
91,93,0,6.395005530015752,"(91, 93)",0.5027366,1
80,147,0,5.249477796712721,"(80, 147)",0.4773181,0
21,69,0,7.9512596852968285,"(21, 69)",0.5126295,1
8,129,0,13.504073228810695,"(8, 129)",0.4221528,0
44,137,0,9.41007045079695,"(44, 137)",0.48118424,0
31,156,0,6.576217928022883,"(31, 156)",0.50021076,1
159,161,0,13.625129094928276,"(159, 161)",0.402306,0
21,85,0,6.647710862760624,"(21, 85)",0.47610033,0
11,82,0,9.616950137264556,"(11, 82)",0.5095969,1
100,104,0,7.710182778041104,"(100, 104)",0.53865176,1
77,133,0,3.521292381667995,"(77, 133)",0.50614476,1
109,159,0,2.644398900969584,"(109, 159)",0.50263816,1
70,151,0,6.915661924177747,"(70, 151)",0.46846956,0
79,86,0,6.35969447581156,"(79, 86)",0.5027366,1
20,80,0,8.920135594943677,"(20, 80)",0.515836,1
22,28,0,4.423581414969152,"(22, 28)",0.51250106,1
78,134,0,9.36152529253206,"(78, 134)",0.48647445,0
8,154,0,3.056811817354963,"(8, 154)",0.55580145,1
26,166,0,9.194952238374213,"(26, 166)",0.46360704,0
39,120,0,6.666938675928322,"(39, 120)",0.47610033,0
26,56,0,5.980943146260869,"(26, 56)",0.48932043,0
116,124,0,6.730637979086749,"(116, 124)",0.43779904,0
57,162,0,12.189386869757195,"(57, 162)",0.3181588,0
140,160,0,6.560954507262629,"(140, 160)",0.50021076,1
28,118,0,6.441229054795705,"(28, 118)",0.48982537,0
20,48,0,3.084877242303355,"(20, 48)",0.55580145,1
32,152,0,17.367496558383706,"(32, 152)",0.4284438,0
65,167,0,11.321911274722009,"(65, 167)",0.48279232,0
79,134,0,1.0096710857230102,"(79, 134)",0.7038298,1
4,165,0,7.20872880827299,"(4, 165)",0.48090464,0
32,54,0,9.642570471510682,"(32, 54)",0.50678027,1
102,143,0,13.058838348205189,"(102, 143)",0.39137712,0
72,153,0,3.0076646375926184,"(72, 153)",0.47627977,0
6,12,0,10.218335180188395,"(6, 12)",0.4572299,0
80,87,0,12.437987518700966,"(80, 87)",0.35601306,0
18,75,0,5.084484734531959,"(18, 75)",0.52484244,1
6,41,0,5.776184962765982,"(6, 41)",0.49141976,0
98,106,0,2.1899197385761022,"(98, 106)",0.56828654,1
40,100,0,7.071086024759135,"(40, 100)",0.5259437,1
1,108,0,5.448850424379893,"(1, 108)",0.5026263,1
53,89,0,3.2686598975306,"(53, 89)",0.4359417,0
68,149,0,3.871997799241092,"(68, 149)",0.43894553,0
82,114,0,5.734529666129331,"(82, 114)",0.505072,1
13,91,0,9.194733708857989,"(13, 91)",0.46360704,0
30,63,0,8.631715925811497,"(30, 63)",0.4805749,0
108,125,0,2.3283402381116978,"(108, 125)",0.6343177,1
47,114,0,4.498128870700113,"(47, 114)",0.5004914,1
114,118,0,3.211303830352584,"(114, 118)",0.4359417,0
3,23,0,5.825807767065162,"(3, 23)",0.49327934,0
107,126,0,11.53449095994776,"(107, 126)",0.45032808,0
2,119,0,4.984065494328315,"(2, 119)",0.5333326,1
28,120,0,2.193309655254569,"(28, 120)",0.56828654,1
87,144,0,6.626630001953111,"(87, 144)",0.48233855,0
135,156,0,6.042674206414407,"(135, 156)",0.47523215,0
94,145,0,8.395860294429665,"(94, 145)",0.48741227,0
3,65,0,7.922945469397316,"(3, 65)",0.5126295,1
69,87,0,9.736949100070118,"(69, 87)",0.4989215,0
16,127,0,4.660308718484629,"(16, 127)",0.52350086,1
39,68,0,8.466410959375175,"(39, 68)",0.48741227,0
55,71,0,11.531224641510837,"(55, 71)",0.45032808,0
78,93,0,7.803351177860232,"(78, 93)",0.51166314,1
9,20,0,5.88670546966046,"(9, 20)",0.48498327,0
92,160,0,7.227832397071618,"(92, 160)",0.48090464,0
21,166,0,4.44431842999047,"(21, 166)",0.51250106,1
49,123,0,7.511002353925142,"(49, 123)",0.5513498,1
25,119,0,2.627115616834013,"(25, 119)",0.5068919,1
74,139,0,2.6864797782512806,"(74, 139)",0.5047407,1
38,100,0,8.47002252314955,"(38, 100)",0.48741227,0
125,158,0,11.374460515918384,"(125, 158)",0.48279232,0
19,129,0,11.135848117176367,"(19, 129)",0.53129154,1
86,95,0,7.891112331245136,"(86, 95)",0.5076936,1
133,162,0,5.856348198561297,"(133, 162)",0.48498327,0
59,125,0,2.1344548905631884,"(59, 125)",0.56828654,1
58,91,0,10.159828599057416,"(58, 91)",0.42637712,0
80,84,0,10.171560392947915,"(80, 84)",0.42637712,0
68,71,0,13.357723847632046,"(68, 71)",0.4018695,0
25,121,0,5.288530396141919,"(25, 121)",0.50809973,1
37,58,0,10.769486856028461,"(37, 58)",0.49757215,0
158,160,0,10.290465126456622,"(158, 160)",0.4572299,0
122,126,0,8.276750832255402,"(122, 126)",0.52332425,1
53,61,0,5.505708103658444,"(53, 61)",0.5176252,1
28,42,0,3.2526284689218636,"(28, 42)",0.4359417,0
24,82,0,7.871413650794129,"(24, 82)",0.5076936,1
71,73,0,7.7057903715573355,"(71, 73)",0.53865176,1
9,79,0,4.904904214093661,"(9, 79)",0.46021074,0
29,57,0,11.695248750306794,"(29, 57)",0.4210228,0
57,95,0,8.91492059481318,"(57, 95)",0.515836,1
16,152,0,10.246899164953758,"(16, 152)",0.4572299,0
137,161,0,8.6515361801311,"(137, 161)",0.49915338,0
53,112,0,11.224183419979918,"(53, 112)",0.45873967,0
1,121,0,5.883965834342464,"(1, 121)",0.48498327,0
4,143,0,10.424281822072963,"(4, 143)",0.45091045,0
93,109,0,1.7913083424497147,"(93, 109)",0.63615495,1
95,161,0,14.18592050176176,"(95, 161)",0.3167109,0
15,84,0,4.939840412195159,"(15, 84)",0.46021074,0
67,129,0,15.024223435709967,"(67, 129)",0.4284438,0
61,159,0,4.5028817556108764,"(61, 159)",0.5004914,1
16,68,0,3.7909605016971404,"(16, 68)",0.49448028,0
103,160,0,3.695807917882372,"(103, 160)",0.47558537,0
91,139,0,3.640282693181523,"(91, 139)",0.48856202,0
83,91,0,11.451257197983539,"(83, 91)",0.48279232,0
6,133,0,11.519335812922664,"(6, 133)",0.46689343,0
96,124,0,1.6382608921322552,"(96, 124)",0.6894295,1
69,97,0,11.83362741201234,"(69, 97)",0.4705324,0
41,85,0,11.904880149433858,"(41, 85)",0.42991275,0
77,140,0,12.293310491489313,"(77, 140)",0.35340098,0
35,93,0,4.598547339024304,"(35, 93)",0.48758912,0
20,44,0,7.823379745636271,"(20, 44)",0.5076936,1
116,159,0,6.347034021374072,"(116, 159)",0.5056196,1
8,49,0,4.16493638913686,"(8, 49)",0.4741728,0
48,124,0,0.7330551216873035,"(48, 124)",0.7038298,1
2,14,0,5.135192665720827,"(2, 14)",0.52484244,1
75,101,0,5.0401578480640445,"(75, 101)",0.52703136,1
72,142,0,9.600157295252872,"(72, 142)",0.5045201,1
61,81,0,8.64401361108929,"(61, 81)",0.49231496,0
20,32,0,7.712138183451427,"(20, 32)",0.53865176,1
79,163,0,4.744933974574651,"(79, 163)",0.5040379,1
63,88,0,2.377143449314988,"(63, 88)",0.5862351,1
44,79,0,7.43606361001138,"(44, 79)",0.49524832,0
